{
    "adg_btc": 0.00214659421895691,
    "adg_per_exposure_long_btc": 0.001073297109478455,
    "adg_per_exposure_long_usd": 0.0010934038537190327,
    "adg_per_exposure_short_btc": 0.0,
    "adg_per_exposure_short_usd": 0.0,
    "adg_pnl": 0.011759179237803018,
    "adg_pnl_w": 0.005424563718710402,
    "adg_strategy_eq": 0.0021868077074380654,
    "adg_strategy_eq_w": -0.0032055343413105453,
    "adg_usd": 0.0021868077074380654,
    "adg_w_btc": -0.00026702320954496983,
    "adg_w_per_exposure_long_btc": -0.00013351160477248492,
    "adg_w_per_exposure_long_usd": -0.00012156810647477867,
    "adg_w_per_exposure_short_btc": 0.0,
    "adg_w_per_exposure_short_usd": 0.0,
    "adg_w_usd": -0.00024313621294955735,
    "backtest_completion_ratio": 1.0,
    "calmar_ratio_btc": 0.00786517504167559,
    "calmar_ratio_strategy_eq": 0.008344507815349783,
    "calmar_ratio_strategy_eq_w": -0.012231805417758954,
    "calmar_ratio_usd": 0.00834450781534978,
    "calmar_ratio_w_btc": -0.0009783797350771523,
    "calmar_ratio_w_usd": -0.0009277688304514954,
    "drawdown_worst_btc": 0.2729238964908785,
    "drawdown_worst_ema_strategy_eq": 0.0,
    "drawdown_worst_ema_strategy_eq_long": 0.0,
    "drawdown_worst_ema_strategy_eq_short": 0.0,
    "drawdown_worst_mean_1pct_btc": 0.2729238964908785,
    "drawdown_worst_mean_1pct_ema_strategy_eq": 0.0,
    "drawdown_worst_mean_1pct_ema_strategy_eq_long": 0.0,
    "drawdown_worst_mean_1pct_ema_strategy_eq_short": 0.0,
    "drawdown_worst_mean_1pct_strategy_eq": 0.26206551133134737,
    "drawdown_worst_mean_1pct_strategy_eq_long": 0.0,
    "drawdown_worst_mean_1pct_strategy_eq_short": 0.0,
    "drawdown_worst_mean_1pct_usd": 0.2620655113313475,
    "drawdown_worst_strategy_eq": 0.26206551133134737,
    "drawdown_worst_strategy_eq_long": 0.0,
    "drawdown_worst_strategy_eq_short": 0.0,
    "drawdown_worst_usd": 0.2620655113313475,
    "entry_initial_balance_pct_long": 0.3438023316,
    "entry_initial_balance_pct_short": 0.0,
    "entry_interval_hours_max": 505.48333333333335,
    "entry_interval_hours_mean": 57.577777777777776,
    "entry_interval_hours_median": 21.191666666666666,
    "entry_interval_hours_p95": 260.5524999999998,
    "entry_interval_hours_p99": 452.78266666666656,
    "equity_balance_diff_neg_max_btc": 0.26514564046011296,
    "equity_balance_diff_neg_max_usd": 0.2541710923577429,
    "equity_balance_diff_neg_mean_btc": 0.10420038937931458,
    "equity_balance_diff_neg_mean_usd": 0.10413268193456812,
    "equity_balance_diff_pos_max_btc": 0.1401979315619306,
    "equity_balance_diff_pos_max_usd": 0.1401979315619306,
    "equity_balance_diff_pos_mean_btc": 0.033467153747150306,
    "equity_balance_diff_pos_mean_usd": 0.03346715374715042,
    "equity_choppiness_btc": 30.777506182832525,
    "equity_choppiness_usd": 27.013426063310604,
    "equity_choppiness_w_btc": 4.505598761458378,
    "equity_choppiness_w_usd": 4.205132200365528,
    "equity_jerkiness_btc": 0.04239414869799036,
    "equity_jerkiness_usd": 0.042264152014581655,
    "equity_jerkiness_w_btc": 0.014477792519756977,
    "equity_jerkiness_w_usd": 0.014397550356440253,
    "expected_shortfall_1pct_btc": 0.08854100553461633,
    "expected_shortfall_1pct_strategy_eq": 0.08317168751248226,
    "expected_shortfall_1pct_usd": 0.08317168751248231,
    "exponential_fit_error_btc": 0.0060080298648132495,
    "exponential_fit_error_usd": 0.0059475192764339175,
    "exponential_fit_error_w_btc": 0.001396710103997473,
    "exponential_fit_error_w_usd": 0.0013738970095672491,
    "exposure_mean_ratio_btc": 0.0012711343648777887,
    "exposure_mean_ratio_usd": 0.0012949473178283715,
    "exposure_mean_ratio_w_btc": -0.0001483411059813077,
    "exposure_mean_ratio_w_usd": -0.00013459524755343415,
    "exposure_ratio_btc": 0.0010705633298476955,
    "exposure_ratio_usd": 0.001090618860489205,
    "exposure_ratio_w_btc": -0.00013317153928421168,
    "exposure_ratio_w_usd": -0.00012125846209924107,
    "gain_btc": 1.1871357656199455,
    "gain_per_exposure_long_btc": 0.5935678828099727,
    "gain_per_exposure_long_usd": 0.5954763707408997,
    "gain_per_exposure_short_btc": 0.0,
    "gain_per_exposure_short_usd": 0.0,
    "gain_strategy_eq": 1.1909527414817993,
    "gain_usd": 1.1909527414817993,
    "hard_stop_duration_minutes_max": 0.0,
    "hard_stop_duration_minutes_mean": 0.0,
    "hard_stop_flatten_time_minutes_mean": 0.0,
    "hard_stop_halt_to_restart_equity_loss_pct": 0.0,
    "hard_stop_panic_close_loss_max": 0.0,
    "hard_stop_panic_close_loss_sum": 0.0,
    "hard_stop_post_restart_retrigger_pct": 0.0,
    "hard_stop_restarts": 0,
    "hard_stop_restarts_long": 0,
    "hard_stop_restarts_per_year": 0.0,
    "hard_stop_restarts_per_year_long": 0.0,
    "hard_stop_restarts_per_year_short": 0.0,
    "hard_stop_restarts_short": 0,
    "hard_stop_time_in_orange_pct": 0.0,
    "hard_stop_time_in_red_pct": 0.0,
    "hard_stop_time_in_yellow_pct": 0.0,
    "hard_stop_trigger_drawdown_mean": 0.0,
    "hard_stop_triggers": 0,
    "hard_stop_triggers_long": 0,
    "hard_stop_triggers_per_year": 0.0,
    "hard_stop_triggers_short": 0,
    "high_exposure_days_max_long": 20.745833333333334,
    "high_exposure_days_max_short": 0.0,
    "high_exposure_days_mean_long": 1.706026785714286,
    "high_exposure_days_mean_short": 0.0,
    "high_exposure_hours_max_long": 497.9,
    "high_exposure_hours_max_short": 0.0,
    "high_exposure_hours_mean_long": 40.94464285714286,
    "high_exposure_hours_mean_short": 0.0,
    "liquidated": false,
    "long_short_profit_ratio": 1.0,
    "loss_profit_ratio": 0.02697943412983369,
    "loss_profit_ratio_long": 0.02697943412983369,
    "loss_profit_ratio_short": 1.0,
    "loss_profit_ratio_w": 0.005110501418935857,
    "mdg_btc": 0.0017220174006432514,
    "mdg_per_exposure_long_btc": 0.0008610087003216257,
    "mdg_per_exposure_long_usd": 0.0008610087003216838,
    "mdg_per_exposure_short_btc": 0.0,
    "mdg_per_exposure_short_usd": 0.0,
    "mdg_pnl": 0.0056234283185438005,
    "mdg_pnl_w": 0.0036439185537353548,
    "mdg_strategy_eq": 0.0017220174006433674,
    "mdg_strategy_eq_w": -0.007634297129642661,
    "mdg_usd": 0.0017220174006433676,
    "mdg_w_btc": -0.0009116020404705268,
    "mdg_w_per_exposure_long_btc": -0.0004558010202352634,
    "mdg_w_per_exposure_long_usd": -0.0004558010202352574,
    "mdg_w_per_exposure_short_btc": 0.0,
    "mdg_w_per_exposure_short_usd": 0.0,
    "mdg_w_usd": -0.0009116020404705148,
    "omega_ratio_btc": 1.1427365491851784,
    "omega_ratio_strategy_eq": 1.1525452640793463,
    "omega_ratio_strategy_eq_w": 0.6965127693731151,
    "omega_ratio_usd": 1.1525452640793465,
    "omega_ratio_w_btc": 0.2702492561241363,
    "omega_ratio_w_usd": 0.2736115870891097,
    "paper_loss_mean_ratio_btc": 0.02060063529266468,
    "paper_loss_mean_ratio_usd": 0.021000205380402554,
    "paper_loss_mean_ratio_w_btc": -0.007186886030985348,
    "paper_loss_mean_ratio_w_usd": -0.0068312659881315015,
    "paper_loss_ratio_btc": 0.008095906141363964,
    "paper_loss_ratio_usd": 0.008603683790917336,
    "paper_loss_ratio_w_btc": -0.0024128235139960746,
    "paper_loss_ratio_w_usd": -0.002371686133279678,
    "peak_recovery_days_equity_btc": 22.043055555555554,
    "peak_recovery_days_equity_usd": 22.043055555555554,
    "peak_recovery_days_pnl": 21.813194444444445,
    "peak_recovery_days_strategy_eq": 22.043055555555554,
    "peak_recovery_days_strategy_eq_long": 0.0,
    "peak_recovery_days_strategy_eq_short": 0.0,
    "peak_recovery_hours_equity_btc": 529.0333333333333,
    "peak_recovery_hours_equity_usd": 529.0333333333333,
    "peak_recovery_hours_pnl": 523.5166666666667,
    "peak_recovery_hours_strategy_eq": 529.0333333333333,
    "peak_recovery_hours_strategy_eq_long": 0.0,
    "peak_recovery_hours_strategy_eq_short": 0.0,
    "pnl_ratio_long_short": 1.0,
    "position_held_days_max": 21.914583333333336,
    "position_held_days_mean": 2.9145,
    "position_held_days_median": 0.3416666666666666,