{
    "adg_btc": 0.0052880571749918115,
    "adg_per_exposure_long_btc": 0.003525371449994541,
    "adg_per_exposure_long_usd": 0.0026192193475909065,
    "adg_per_exposure_short_btc": 0.0,
    "adg_per_exposure_short_usd": 0.0,
    "adg_pnl": 0.01830007953965415,
    "adg_pnl_w": 0.01364179186442788,
    "adg_strategy_pnl_rebased": 0.00392882902138636,
    "adg_strategy_pnl_rebased_w": 0.001990935028395158,
    "adg_usd": 0.00392882902138636,
    "adg_w_btc": 0.0018131794538929324,
    "adg_w_per_exposure_long_btc": 0.0012087863025952883,
    "adg_w_per_exposure_long_usd": 0.0013272900189301052,
    "adg_w_per_exposure_short_btc": 0.0,
    "adg_w_per_exposure_short_usd": 0.0,
    "adg_w_usd": 0.001990935028395158,
    "calmar_ratio_btc": 0.010823916597532334,
    "calmar_ratio_strategy_pnl_rebased": 0.008797081290683094,
    "calmar_ratio_strategy_pnl_rebased_w": 0.014529997650339688,
    "calmar_ratio_usd": 0.008463238749186997,
    "calmar_ratio_w_btc": 0.0026439173455185252,
    "calmar_ratio_w_usd": 0.015124613975762372,
    "drawdown_worst_btc": 0.4885530230524316,
    "drawdown_worst_ema_hsl": 0.0,
    "drawdown_worst_ema_hsl_long": 0.0,
    "drawdown_worst_ema_hsl_short": 0.0,
    "drawdown_worst_hsl": 0.44660596981721035,
    "drawdown_worst_hsl_long": 0.0,
    "drawdown_worst_hsl_short": 0.0,
    "drawdown_worst_mean_1pct_btc": 0.38149471983341476,
    "drawdown_worst_mean_1pct_ema_hsl": 0.0,
    "drawdown_worst_mean_1pct_ema_hsl_long": 0.0,
    "drawdown_worst_mean_1pct_ema_hsl_short": 0.0,
    "drawdown_worst_mean_1pct_hsl": 0.2758794198016436,
    "drawdown_worst_mean_1pct_hsl_long": 0.0,
    "drawdown_worst_mean_1pct_hsl_short": 0.0,
    "drawdown_worst_mean_1pct_usd": 0.3753935906063667,
    "drawdown_worst_usd": 0.46422287469602275,
    "entry_initial_balance_pct_long": 0.7029017646,
    "entry_initial_balance_pct_short": 0.0,
    "equity_balance_diff_neg_max_btc": 0.4667710743518482,
    "equity_balance_diff_neg_max_usd": 0.4407843632832933,
    "equity_balance_diff_neg_mean_btc": 0.12473555232744064,
    "equity_balance_diff_neg_mean_usd": 0.13727448581183319,
    "equity_balance_diff_pos_max_btc": 1.2035789879613987,
    "equity_balance_diff_pos_max_usd": 0.5054360279509934,
    "equity_balance_diff_pos_mean_btc": 0.2571502580352202,
    "equity_balance_diff_pos_mean_usd": 0.17582342427138695,
    "equity_choppiness_btc": 4.006050028467142,
    "equity_choppiness_usd": 4.846894908299585,
    "equity_choppiness_w_btc": 3.878770639138293,
    "equity_choppiness_w_usd": 9.848608711932403,
    "equity_jerkiness_btc": 0.034733102543158256,
    "equity_jerkiness_usd": 0.028551154218156495,
    "equity_jerkiness_w_btc": 0.01741860449623543,
    "equity_jerkiness_w_usd": 0.013501170236365248,
    "expected_shortfall_1pct_btc": 0.22930759452096677,
    "expected_shortfall_1pct_strategy_pnl_rebased": 0.2295510586652989,
    "expected_shortfall_1pct_usd": 0.2295510586652989,
    "exponential_fit_error_btc": 0.023158359842639205,
    "exponential_fit_error_usd": 0.016830320829192114,
    "exponential_fit_error_w_btc": 0.010138791992277633,
    "exponential_fit_error_w_usd": 0.004757594751949021,
    "exposure_mean_ratio_btc": 0.011812412560280788,
    "exposure_mean_ratio_usd": 0.008776181448811921,
    "exposure_mean_ratio_w_btc": 0.00392818830142438,
    "exposure_mean_ratio_w_usd": 0.008153632952159358,
    "exposure_ratio_btc": 0.004734820751131708,
    "exposure_ratio_usd": 0.0035177950166806623,
    "exposure_ratio_w_btc": 0.0020765539002947546,
    "exposure_ratio_w_usd": 0.002492169779574113,
    "gain_btc": 4.76425344962794,
    "gain_per_exposure_long_btc": 3.176168966418627,
    "gain_per_exposure_long_usd": 2.12801530782834,
    "gain_per_exposure_short_btc": 0.0,
    "gain_per_exposure_short_usd": 0.0,
    "gain_strategy_pnl_rebased": 3.1920229617425115,
    "gain_usd": 3.19202296174251,
    "hard_stop_duration_minutes_max": 0.0,
    "hard_stop_duration_minutes_mean": 0.0,
    "hard_stop_flatten_time_minutes_mean": 0.0,
    "hard_stop_halt_to_restart_equity_loss_pct": 0.0,
    "hard_stop_panic_close_loss_max": 0.0,
    "hard_stop_panic_close_loss_sum": 0.0,
    "hard_stop_post_restart_retrigger_pct": 0.0,
    "hard_stop_restarts": 0,
    "hard_stop_restarts_long": 0,
    "hard_stop_restarts_per_year": 0.0,
    "hard_stop_restarts_per_year_long": 0.0,
    "hard_stop_restarts_per_year_short": 0.0,
    "hard_stop_restarts_short": 0,
    "hard_stop_time_in_orange_pct": 0.0,
    "hard_stop_time_in_red_pct": 0.0,
    "hard_stop_time_in_yellow_pct": 0.0,
    "hard_stop_trigger_drawdown_mean": 0.0,
    "hard_stop_triggers": 0,
    "hard_stop_triggers_long": 0,
    "hard_stop_triggers_per_year": 0.0,
    "hard_stop_triggers_short": 0,
    "high_exposure_hours_max_long": 1641.7833333333333,
    "high_exposure_hours_max_short": 0.0,
    "high_exposure_hours_mean_long": 149.2725806451613,
    "high_exposure_hours_mean_short": 0.0,
    "liquidated": false,
    "long_short_profit_ratio": 1.0,
    "loss_profit_ratio": 0.17161190612356736,
    "loss_profit_ratio_long": 0.17161190612356736,
    "loss_profit_ratio_short": 1.0,
    "loss_profit_ratio_w": 0.04322683663598955,
    "mdg_btc": 0.0,
    "mdg_per_exposure_long_btc": 0.0,
    "mdg_per_exposure_long_usd": 0.0,
    "mdg_per_exposure_short_btc": 0.0,
    "mdg_per_exposure_short_usd": 0.0,
    "mdg_pnl": -2.8212386639649503e-05,
    "mdg_pnl_w": 0.0038541243482477358,
    "mdg_strategy_pnl_rebased": 0.0,
    "mdg_strategy_pnl_rebased_w": 0.0,
    "mdg_usd": 0.0,
    "mdg_w_btc": 0.0,
    "mdg_w_per_exposure_long_btc": 0.0,
    "mdg_w_per_exposure_long_usd": 0.0,
    "mdg_w_per_exposure_short_btc": 0.0,
    "mdg_w_per_exposure_short_usd": 0.0,
    "mdg_w_usd": 0.0,
    "omega_ratio_btc": 1.704682816915761,
    "omega_ratio_strategy_pnl_rebased": 1.5956683676791248,
    "omega_ratio_strategy_pnl_rebased_w": 1.7073110141153909,
    "omega_ratio_usd": 1.5956683676791237,
    "omega_ratio_w_btc": 1.3259413330677734,
    "omega_ratio_w_usd": 1.70731101411539,
    "paper_loss_mean_ratio_btc": 0.04239414566514481,
    "paper_loss_mean_ratio_usd": 0.028620242124029804,
    "paper_loss_mean_ratio_w_btc": 0.06618978919725702,
    "paper_loss_mean_ratio_w_usd": 0.16828658435143665,
    "paper_loss_ratio_btc": 0.011329016439878443,
    "paper_loss_ratio_usd": 0.00891326768518168,
    "paper_loss_ratio_w_btc": 0.02273964328321275,
    "paper_loss_ratio_w_usd": 0.05225205117494823,
    "peak_recovery_hours_equity_btc": 1454.2333333333333,
    "peak_recovery_hours_equity_usd": 1693.95,
    "peak_recovery_hours_hsl": 1693.9333333333334,
    "peak_recovery_hours_hsl_long": 0.0,
    "peak_recovery_hours_hsl_short": 0.0,
    "peak_recovery_hours_pnl": 1705.4833333333333,
    "pnl_ratio_long_short": 1.0,
    "position_held_hours_max": 1641.7833333333333,
    "position_held_hours_mean": 149.2725806451613,
    "position_held_hours_median": 58.8,
    "position_unchanged_hours_max": 445.53333333333336,
    "positions_held_per_day": 0.10480103298509215,
    "positions_held_per_day_w": 0.06693788716784577,
    "sharpe_ratio_btc": 0.09232066511590409,
    "sharpe_ratio_pnl": 0.3889608910301299,
    "sharpe_ratio_pnl_w": 0.6827741703928826,
    "sharpe_ratio_strategy_pnl_rebased": 0.07354198870369275,
    "sharpe_ratio_strategy_pnl_rebased_w": 0.08047524997410807,
    "sharpe_ratio_usd": 0.07354198870369275,
    "sharpe_ratio_w_btc": 0.02662165071235022,
    "sharpe_ratio_w_usd": 0.08047524997410803,
    "sortino_ratio_btc": 0.10415353017783686,
    "sortino_ratio_pnl": 0.729828144201833,
    "sortino_ratio_pnl_w": 75.78608492656554,
    "sortino_ratio_strategy_pnl_rebased": 0.07889223001210507,
    "sortino_ratio_strategy_pnl_rebased_w": 0.07798283248767157,
    "sortino_ratio_usd": 0.07889223001210506,
    "sortino_ratio_w_btc": 0.06041612903249096,
    "sortino_ratio_w_usd": 0.07798283248767149,
    "sterling_ratio_btc": 0.013861416423537706,
    "sterling_ratio_strategy_pnl_rebased": 0.014241109482581829,