{"_coins_sources": {"approved_coins": {"long": ["HYPEUSDT"], "short": []},
                    "ignored_coins": {"long": [], "short": []}},
 "analysis": {"adg": 0.0069770415575531874,
              "adg_per_exposure_long": 0.0030002328778985974,
              "adg_per_exposure_short": 0.33197133546905777,
              "adg_w": 0.003871413258344103,
              "adg_w_per_exposure_long": 0.0016647659678968407,
              "adg_w_per_exposure_short": 0.1842038948634012,
              "calmar_ratio": 0.020951796192201725,
              "calmar_ratio_w": 0.011632823172910511,
              "drawdown_worst": 0.33300445907115345,
              "drawdown_worst_mean_1pct": 0.2973095591626451,
              "equity_balance_diff_neg_max": 0.3280303522653967,
              "equity_balance_diff_neg_mean": 0.013534802386478926,
              "equity_balance_diff_pos_max": 0.24797785034590886,
              "equity_balance_diff_pos_mean": 0.004911136893335338,
              "equity_choppiness": 3.4604165410945535,
              "equity_choppiness_w": 9.299326668350343,
              "equity_jerkiness": 0.027295202308809215,
              "equity_jerkiness_w": 0.04025426882846536,
              "expected_shortfall_1pct": 0.15483375842946023,
              "exponential_fit_error": 0.03252859681050705,
              "exponential_fit_error_w": 0.0089763756231387,
              "flat_btc_balance_hours": 0.0,
              "gain": 13.468487130718712,
              "gain_per_exposure_long": 5.791652174035137,
              "gain_per_exposure_short": 640.837756612205,
              "loss_profit_ratio": 0.026716246971116533,
              "loss_profit_ratio_long": 0.0258942636178233,
              "loss_profit_ratio_short": 1.041459070890965,
              "loss_profit_ratio_w": 0.0880205200357004,
              "mdg": 0.0004892213586710756,
              "mdg_per_exposure_long": 0.00021037254726771686,
              "mdg_per_exposure_short": 0.023277411555934508,
              "mdg_w": -0.00012182816790351015,
              "mdg_w_per_exposure_long": -5.2387945776611546e-05,
              "mdg_w_per_exposure_short": -0.0057966488035166835,
              "omega_ratio": 2.606429456021394,
              "omega_ratio_w": 1.6002248075808023,
              "pnl_ratio_long_short": 1.000034477476496,
              "position_held_hours_max": 808.2333333333333,
              "position_held_hours_mean": 52.1190119760479,
              "position_held_hours_median": 27.166666666666668,
              "position_unchanged_hours_max": 257.6666666666667,
              "positions_held_per_day": 0.8930497865600612,
              "sharpe_ratio": 0.14664263172710476,
              "sharpe_ratio_w": 0.07171968330444503,
              "sortino_ratio": 0.2243940540333457,
              "sortino_ratio_w": 0.09344089489679194,
              "sterling_ratio": 0.02346726279909605,
              "sterling_ratio_w": 0.011884369833599941,
              "total_wallet_exposure_max": 2.3276975574343677,
              "total_wallet_exposure_mean": 0.3172613892765515,
              "total_wallet_exposure_median": 0.06175557975704213,
              "volume_pct_per_day_avg": 0.5211147816825557,
              "volume_pct_per_day_avg_w": 0.5883493242683726},
 "backtest": {"base_dir": "backtests/pbgui/hype_test_3",
              "bybit_fee_multiplier": 2,
              "cache_dir": {"combined": "caches\\hlcvs_data\\3662a3c799ec2319"},
              "coins": {"combined": ["HYPE"]},
              "combine_ohlcvs": true,
              "compress_cache": true,
              "end_date": "2026-01-13",
              "exchanges": ["bybit", "hyperliquid"],
              "gap_tolerance_ohlcvs_minutes": 120,
              "start_date": "2025-01-01",
              "starting_balance": 1000,
              "use_btc_collateral": false},
 "bot": {"long": {"close_grid_markup_end": 0.019066,
                  "close_grid_markup_start": 0.019475,
                  "close_grid_qty_pct": 0.88344,
                  "close_trailing_grid_ratio": 0.76575,
                  "close_trailing_qty_pct": 0.73205,
                  "close_trailing_retracement_pct": 0.010078,
                  "close_trailing_threshold_pct": 0.063789,
                  "ema_span_0": 1280.4,
                  "ema_span_1": 609.18,
                  "enforce_exposure_limit": true,
                  "entry_grid_double_down_factor": 1.8274,
                  "entry_grid_spacing_log_span_hours": 72,
                  "entry_grid_spacing_log_weight": 0,
                  "entry_grid_spacing_pct": 0.085074,
                  "entry_grid_spacing_we_weight": 0.0021584,
                  "entry_initial_ema_dist": -0.04566,
                  "entry_initial_qty_pct": 0.15,
                  "entry_trailing_double_down_factor": 1.5071,
                  "entry_trailing_grid_ratio": 0.056009,
                  "entry_trailing_retracement_pct": 0.082483,
                  "entry_trailing_threshold_pct": 0.068753,
                  "filter_log_range_ema_span": 43.162,
                  "filter_volume_drop_pct": 0.90675,
                  "filter_volume_ema_span": 303.6,
                  "n_positions": 1,
                  "total_wallet_exposure_limit": 2.3255,
                  "unstuck_close_pct": 0.045821,
                  "unstuck_ema_dist": 0.0019503,
                  "unstuck_loss_allowance_pct": 0.0047865,
                  "unstuck_threshold": 0.42148},
         "short": {"close_grid_markup_end": 0.029152,
                   "close_grid_markup_start": 0.001849,
                   "close_grid_qty_pct": 0.91395,
                   "close_trailing_grid_ratio": 0.24271,
                   "close_trailing_qty_pct": 0.85509,
                   "close_trailing_retracement_pct": 0.088909,
                   "close_trailing_threshold_pct": -0.079601,
                   "ema_span_0": 615.45,
                   "ema_span_1": 1097.8,
                   "enforce_exposure_limit": true,
                   "entry_grid_double_down_factor": 2.4146,
                   "entry_grid_spacing_log_span_hours": 72,
                   "entry_grid_spacing_log_weight": 0,
                   "entry_grid_spacing_pct": 0.11689,
                   "entry_grid_spacing_we_weight": 0.8249,
                   "entry_initial_ema_dist": -0.098717,
                   "entry_initial_qty_pct": 0.017426,
                   "entry_trailing_double_down_factor": 0.36779,
                   "entry_trailing_grid_ratio": 0.094742,
                   "entry_trailing_retracement_pct": 0.063262,
                   "entry_trailing_threshold_pct": 0.099488,
                   "filter_log_range_ema_span": 66.351,
                   "filter_volume_drop_pct": 0.84903,
                   "filter_volume_ema_span": 320.18,
                   "n_positions": 12,
                   "total_wallet_exposure_limit": 0.021017,
                   "unstuck_close_pct": 0.056151,
                   "unstuck_ema_dist": -0.017458,
                   "unstuck_loss_allowance_pct": 0.025208,
                   "unstuck_threshold": 0.88485}},
 "coin_overrides": {},
 "disable_plotting": false,
 "live": {"approved_coins": {"long": ["HYPE"], "short": []},
          "auto_gs": true,
          "base_config_path": "configs/config_hype.json",
          "empty_means_all_approved": false,
          "execution_delay_seconds": 2,
          "filter_by_min_effective_cost": true,
          "forced_mode_long": "",
          "forced_mode_short": "",
          "ignored_coins": {"long": [], "short": []},
          "inactive_coin_candle_ttl_minutes": 10,
          "leverage": 10,
          "market_orders_allowed": true,
          "max_disk_candles_per_symbol_per_tf": 2000000,
          "max_memory_candles_per_symbol": 20000,
          "max_n_cancellations_per_batch": 5,
          "max_n_creations_per_batch": 3,
          "max_n_restarts_per_day": 10,
          "max_warmup_minutes": 0.0,
          "memory_snapshot_interval_minutes": 30.0,