{
    "adg_btc": 0.0033926119462777127,
    "adg_per_exposure_long_btc": 0.0016963059731388563,
    "adg_per_exposure_long_usd": 0.0010346186247668365,
    "adg_per_exposure_short_btc": 0.0,
    "adg_per_exposure_short_usd": 0.0,
    "adg_pnl": 0.003803238511870419,
    "adg_pnl_w": 0.002166186085696493,
    "adg_strategy_eq": 0.002069237249533673,
    "adg_strategy_eq_w": 0.00026276011933111797,
    "adg_usd": 0.002069237249533673,
    "adg_w_btc": 0.011452370834873781,
    "adg_w_per_exposure_long_btc": 0.0057261854174368906,
    "adg_w_per_exposure_long_usd": 0.0001313800596655146,
    "adg_w_per_exposure_short_btc": 0.0,
    "adg_w_per_exposure_short_usd": 0.0,
    "adg_w_usd": 0.0002627601193310292,
    "backtest_completion_ratio": 1.0,
    "calmar_ratio_btc": 0.04750451308853281,
    "calmar_ratio_strategy_eq": 0.0521053829591479,
    "calmar_ratio_strategy_eq_w": 0.004521446170312834,
    "calmar_ratio_usd": 0.05210538295914759,
    "calmar_ratio_w_btc": 0.4823480557518606,
    "calmar_ratio_w_usd": 0.0036438446497493344,
    "drawdown_worst_btc": 0.07141662393118309,
    "drawdown_worst_ema_strategy_eq": 0.0,
    "drawdown_worst_ema_strategy_eq_long": 0.0,
    "drawdown_worst_ema_strategy_eq_short": 0.0,
    "drawdown_worst_mean_1pct_btc": 0.07141662393118309,
    "drawdown_worst_mean_1pct_ema_strategy_eq": 0.0,
    "drawdown_worst_mean_1pct_ema_strategy_eq_long": 0.0,
    "drawdown_worst_mean_1pct_ema_strategy_eq_short": 0.0,
    "drawdown_worst_mean_1pct_strategy_eq": 0.03971254277424684,
    "drawdown_worst_mean_1pct_strategy_eq_long": 0.0,
    "drawdown_worst_mean_1pct_strategy_eq_short": 0.0,
    "drawdown_worst_mean_1pct_usd": 0.039712542774247066,
    "drawdown_worst_strategy_eq": 0.03971254277424684,
    "drawdown_worst_strategy_eq_long": 0.0,
    "drawdown_worst_strategy_eq_short": 0.0,
    "drawdown_worst_usd": 0.039712542774247066,
    "entry_initial_balance_pct_long": 0.3438023316,
    "entry_initial_balance_pct_short": 0.0,
    "entry_interval_hours_max": 664.1333333333333,
    "entry_interval_hours_mean": 278.62916666666666,
    "entry_interval_hours_median": 207.68333333333334,
    "entry_interval_hours_p95": 596.4883333333332,
    "entry_interval_hours_p99": 650.6043333333332,
    "equity_balance_diff_neg_max_btc": 0.057965902075845926,
    "equity_balance_diff_neg_max_usd": 0.03162714803100234,
    "equity_balance_diff_neg_mean_btc": 0.01700554863260924,
    "equity_balance_diff_neg_mean_usd": 0.008081148623511995,
    "equity_balance_diff_pos_max_btc": 0.11456480783032516,
    "equity_balance_diff_pos_max_usd": 0.05862041193907797,
    "equity_balance_diff_pos_mean_btc": 0.03521006781192875,
    "equity_balance_diff_pos_mean_usd": 0.015024152245542096,
    "equity_choppiness_btc": 3.4156609485570195,
    "equity_choppiness_usd": 3.1199098423203298,
    "equity_choppiness_w_btc": 1.3506203335577012,
    "equity_choppiness_w_usd": 6.4425109517732055,
    "equity_jerkiness_btc": 0.022766808086954353,
    "equity_jerkiness_usd": 0.011275730014283574,
    "equity_jerkiness_w_btc": 0.025479142938941057,
    "equity_jerkiness_w_usd": 0.012142972768835344,
    "expected_shortfall_1pct_btc": 0.03828829994366498,
    "expected_shortfall_1pct_strategy_eq": 0.016779403007242028,
    "expected_shortfall_1pct_usd": 0.016779403007242247,
    "exponential_fit_error_btc": 0.0018878241129585331,
    "exponential_fit_error_usd": 0.00014667809637388784,
    "exponential_fit_error_w_btc": 0.0004439024421648985,
    "exponential_fit_error_w_usd": 6.469445689660978e-05,
    "exposure_mean_ratio_btc": 0.0023622229177094915,
    "exposure_mean_ratio_usd": 0.0014407777047385525,
    "exposure_mean_ratio_w_btc": 0.0077866185958034295,
    "exposure_mean_ratio_w_usd": 0.00011417736206050235,
    "exposure_ratio_btc": 0.001695222736172227,
    "exposure_ratio_usd": 0.0010339579319682156,
    "exposure_ratio_w_btc": 0.005726293351427581,
    "exposure_ratio_w_usd": 0.00013113576922907578,
    "gain_btc": 1.1966238235418145,
    "gain_per_exposure_long_btc": 0.5983119117709073,
    "gain_per_exposure_long_usd": 0.5578914239685658,
    "gain_per_exposure_short_btc": 0.0,
    "gain_per_exposure_short_usd": 0.0,
    "gain_strategy_eq": 1.1157828479371334,
    "gain_usd": 1.1157828479371317,
    "hard_stop_duration_minutes_max": 0.0,
    "hard_stop_duration_minutes_mean": 0.0,
    "hard_stop_flatten_time_minutes_mean": 0.0,
    "hard_stop_halt_to_restart_equity_loss_pct": 0.0,
    "hard_stop_panic_close_loss_max": 0.0,
    "hard_stop_panic_close_loss_sum": 0.0,
    "hard_stop_post_restart_retrigger_pct": 0.0,
    "hard_stop_restarts": 0,
    "hard_stop_restarts_long": 0,
    "hard_stop_restarts_per_year": 0.0,
    "hard_stop_restarts_per_year_long": 0.0,
    "hard_stop_restarts_per_year_short": 0.0,
    "hard_stop_restarts_short": 0,
    "hard_stop_time_in_orange_pct": 0.0,
    "hard_stop_time_in_red_pct": 0.0,
    "hard_stop_time_in_yellow_pct": 0.0,
    "hard_stop_trigger_drawdown_mean": 0.0,
    "hard_stop_triggers": 0,
    "hard_stop_triggers_long": 0,
    "hard_stop_triggers_per_year": 0.0,
    "hard_stop_triggers_short": 0,
    "high_exposure_days_max_long": 8.53125,
    "high_exposure_days_max_short": 0.0,
    "high_exposure_days_mean_long": 3.6168560606060605,
    "high_exposure_days_mean_short": 0.0,
    "high_exposure_hours_max_long": 204.75,
    "high_exposure_hours_max_short": 0.0,
    "high_exposure_hours_mean_long": 86.80454545454545,
    "high_exposure_hours_mean_short": 0.0,
    "liquidated": false,
    "long_short_profit_ratio": 1.0,
    "loss_profit_ratio": 0.021251838133158802,
    "loss_profit_ratio_long": 0.021251838133158802,
    "loss_profit_ratio_short": 1.0,
    "loss_profit_ratio_w": 0.02890101315740414,
    "mdg_btc": 0.0021574558717595404,
    "mdg_per_exposure_long_btc": 0.0010787279358797702,
    "mdg_per_exposure_long_usd": 0.00040330072917937746,
    "mdg_per_exposure_short_btc": 0.0,
    "mdg_per_exposure_short_usd": 0.0,
    "mdg_pnl": 0.0014353081307393366,
    "mdg_pnl_w": 0.0010616856734071045,
    "mdg_strategy_eq": 0.0008066014583587548,
    "mdg_strategy_eq_w": 0.0008918195985073284,
    "mdg_usd": 0.0008066014583587549,
    "mdg_w_btc": 0.01018584308402486,
    "mdg_w_per_exposure_long_btc": 0.00509292154201243,
    "mdg_w_per_exposure_long_usd": 0.00044590979925366453,
    "mdg_w_per_exposure_short_btc": 0.0,
    "mdg_w_per_exposure_short_usd": 0.0,
    "mdg_w_usd": 0.0008918195985073291,
    "omega_ratio_btc": 1.7728609377799214,
    "omega_ratio_strategy_eq": 1.9797592172049254,
    "omega_ratio_strategy_eq_w": 1.1899537967660907,
    "omega_ratio_usd": 1.9797592172048968,
    "omega_ratio_w_btc": 507.59301990324695,
    "omega_ratio_w_usd": 1.189953796766065,
    "paper_loss_mean_ratio_btc": 0.1995002936730991,
    "paper_loss_mean_ratio_usd": 0.2560573188213931,
    "paper_loss_mean_ratio_w_btc": 1229336833.0292983,
    "paper_loss_mean_ratio_w_usd": 0.08474184428053948,
    "paper_loss_ratio_btc": 0.058527717585393976,
    "paper_loss_ratio_usd": 0.06542598300375722,
    "paper_loss_ratio_w_btc": 1229336832.2707279,
    "paper_loss_ratio_w_usd": 0.021339881579327452,
    "peak_recovery_days_equity_btc": 27.936805555555555,
    "peak_recovery_days_equity_usd": 8.541666666666666,
    "peak_recovery_days_pnl": 8.541666666666666,
    "peak_recovery_days_strategy_eq": 12.225,
    "peak_recovery_days_strategy_eq_long": 0.0,
    "peak_recovery_days_strategy_eq_short": 0.0,
    "peak_recovery_hours_equity_btc": 670.4833333333333,
    "peak_recovery_hours_equity_usd": 205.0,
    "peak_recovery_hours_pnl": 205.0,
    "peak_recovery_hours_strategy_eq": 293.4,
    "peak_recovery_hours_strategy_eq_long": 0.0,
    "peak_recovery_hours_strategy_eq_short": 0.0,
    "pnl_ratio_long_short": 1.0,
    "position_held_days_max": 26.96597222222222,
    "position_held_days_mean": 9.667916666666667,
    "position_held_days_median": 8.411805555555555,
    "position_held_hours_max": 647.1833333333333,