{
    "adg_btc": -0.00046472425000820827,
    "adg_per_exposure_long_btc": -0.0003389673595975261,
    "adg_per_exposure_long_usd": 0.00027699525516453115,
    "adg_per_exposure_short_btc": 0.0,
    "adg_per_exposure_short_usd": 0.0,
    "adg_pnl": 0.014109913880270254,
    "adg_pnl_w": 0.015014255001736898,
    "adg_strategy_eq": 0.00037976049483057217,
    "adg_strategy_eq_w": 0.00019249356962616204,
    "adg_usd": 0.00037976049483057217,
    "adg_w_btc": 0.0008319235886365739,
    "adg_w_per_exposure_long_btc": 0.0006068005752272603,
    "adg_w_per_exposure_long_usd": 0.00014040377069741942,
    "adg_w_per_exposure_short_btc": 0.0,
    "adg_w_per_exposure_short_usd": 0.0,
    "adg_w_usd": 0.00019249356962616204,
    "backtest_completion_ratio": 1.0,
    "calmar_ratio_btc": -0.0005087140760391082,
    "calmar_ratio_strategy_eq": 0.0013209799744962167,
    "calmar_ratio_strategy_eq_w": 0.004398626056256234,
    "calmar_ratio_usd": 0.0013209799744962167,
    "calmar_ratio_w_btc": 0.016332433444468646,
    "calmar_ratio_w_usd": 0.004398626056256222,
    "drawdown_worst_btc": 0.9135274054663308,
    "drawdown_worst_ema_strategy_eq": 0.0,
    "drawdown_worst_ema_strategy_eq_long": 0.0,
    "drawdown_worst_ema_strategy_eq_short": 0.0,
    "drawdown_worst_mean_1pct_btc": 0.9005527199674442,
    "drawdown_worst_mean_1pct_ema_strategy_eq": 0.0,
    "drawdown_worst_mean_1pct_ema_strategy_eq_long": 0.0,
    "drawdown_worst_mean_1pct_ema_strategy_eq_short": 0.0,
    "drawdown_worst_mean_1pct_strategy_eq": 0.24700022263695035,
    "drawdown_worst_mean_1pct_strategy_eq_long": 0.0,
    "drawdown_worst_mean_1pct_strategy_eq_short": 0.0,
    "drawdown_worst_mean_1pct_usd": 0.24700022263695018,
    "drawdown_worst_strategy_eq": 0.2874839150952321,
    "drawdown_worst_strategy_eq_long": 0.0,
    "drawdown_worst_strategy_eq_short": 0.0,
    "drawdown_worst_usd": 0.2874839150952321,
    "entry_initial_balance_pct_long": 0.06944967762,
    "entry_initial_balance_pct_short": 0.0,
    "entry_interval_hours_max": 7414.75,
    "entry_interval_hours_mean": 428.51955380577425,
    "entry_interval_hours_median": 3.533333333333333,
    "entry_interval_hours_p95": 2099.3649999999984,
    "entry_interval_hours_p99": 5758.052666666647,
    "equity_balance_diff_neg_max_btc": 0.5390209750296846,
    "equity_balance_diff_neg_max_usd": 0.26660149866276656,
    "equity_balance_diff_neg_mean_btc": 0.23566679290896173,
    "equity_balance_diff_neg_mean_usd": 0.13220665518323024,
    "equity_balance_diff_pos_max_btc": 0.9202628416596979,
    "equity_balance_diff_pos_max_usd": 0.1597059456766971,
    "equity_balance_diff_pos_mean_btc": 0.26240960881711345,
    "equity_balance_diff_pos_mean_usd": 0.027106204259574,
    "equity_choppiness_btc": 10.518214926569128,
    "equity_choppiness_usd": 3.481123885910252,
    "equity_choppiness_w_btc": 5.571400898881332,
    "equity_choppiness_w_usd": 1.2729990612038722,
    "equity_jerkiness_btc": 0.011340987818212196,
    "equity_jerkiness_usd": 0.0025964586775246833,
    "equity_jerkiness_w_btc": 0.005076952620315903,
    "equity_jerkiness_w_usd": 0.000515624770646814,
    "expected_shortfall_1pct_btc": 0.2580828794319307,
    "expected_shortfall_1pct_strategy_eq": 0.057244239983813915,
    "expected_shortfall_1pct_usd": 0.057244239983813866,
    "exponential_fit_error_btc": 0.31790695407983866,
    "exponential_fit_error_usd": 0.013577696488917709,
    "exponential_fit_error_w_btc": 0.07540331369545877,
    "exponential_fit_error_w_usd": 0.0014721015264696096,
    "exposure_mean_ratio_btc": -0.01262806662358181,
    "exposure_mean_ratio_usd": 0.010319325556263003,
    "exposure_mean_ratio_w_btc": 6.5738394730820975,
    "exposure_mean_ratio_w_usd": 1.0071672235737565,
    "exposure_ratio_btc": -0.0003394193760925859,
    "exposure_ratio_usd": 0.0002773646312145919,
    "exposure_ratio_w_btc": 0.001404771508102651,
    "exposure_ratio_w_usd": 0.00027906585534764075,
    "gain_btc": 0.32604802332873506,
    "gain_per_exposure_long_btc": 0.23781766836523344,
    "gain_per_exposure_long_usd": 1.8219153569151176,
    "gain_per_exposure_short_btc": 0.0,
    "gain_per_exposure_short_usd": 0.0,
    "gain_strategy_eq": 2.4978459543306255,
    "gain_usd": 2.4978459543306264,
    "hard_stop_duration_minutes_max": 0.0,
    "hard_stop_duration_minutes_mean": 0.0,
    "hard_stop_flatten_time_minutes_mean": 0.0,
    "hard_stop_halt_to_restart_equity_loss_pct": 0.0,
    "hard_stop_panic_close_loss_max": 0.0,
    "hard_stop_panic_close_loss_sum": 0.0,
    "hard_stop_post_restart_retrigger_pct": 0.0,
    "hard_stop_restarts": 0,
    "hard_stop_restarts_long": 0,
    "hard_stop_restarts_per_year": 0.0,
    "hard_stop_restarts_per_year_long": 0.0,
    "hard_stop_restarts_per_year_short": 0.0,
    "hard_stop_restarts_short": 0,
    "hard_stop_time_in_orange_pct": 0.0,
    "hard_stop_time_in_red_pct": 0.0,
    "hard_stop_time_in_yellow_pct": 0.0,
    "hard_stop_trigger_drawdown_mean": 0.0,
    "hard_stop_triggers": 0,
    "hard_stop_triggers_long": 0,
    "hard_stop_triggers_per_year": 0.0,
    "hard_stop_triggers_short": 0,
    "high_exposure_days_max_long": 115.8888888888889,
    "high_exposure_days_max_short": 0.0,
    "high_exposure_days_mean_long": 1.0050285657998423,
    "high_exposure_days_mean_short": 0.0,
    "high_exposure_hours_max_long": 2781.3333333333335,
    "high_exposure_hours_max_short": 0.0,
    "high_exposure_hours_mean_long": 24.120685579196216,
    "high_exposure_hours_mean_short": 0.0,
    "liquidated": false,
    "long_short_profit_ratio": 1.0,
    "loss_profit_ratio": 0.004818513645770639,
    "loss_profit_ratio_long": 0.004818513645770639,
    "loss_profit_ratio_short": 1.0,
    "loss_profit_ratio_w": 0.0004818513645770639,
    "mdg_btc": 0.0,
    "mdg_per_exposure_long_btc": 0.0,
    "mdg_per_exposure_long_usd": 0.0,
    "mdg_per_exposure_short_btc": 0.0,
    "mdg_per_exposure_short_usd": 0.0,
    "mdg_pnl": 0.01221578959147796,
    "mdg_pnl_w": 0.014048222973319691,
    "mdg_strategy_eq": 0.0,
    "mdg_strategy_eq_w": 0.0,
    "mdg_usd": 0.0,
    "mdg_w_btc": 0.0,
    "mdg_w_per_exposure_long_btc": 0.0,
    "mdg_w_per_exposure_long_usd": 0.0,
    "mdg_w_per_exposure_short_btc": 0.0,
    "mdg_w_per_exposure_short_usd": 0.0,
    "mdg_w_usd": 0.0,
    "omega_ratio_btc": 1.0793249070093038,
    "omega_ratio_strategy_eq": 1.7075463411188168,
    "omega_ratio_strategy_eq_w": 703.6450060218658,
    "omega_ratio_usd": 1.7075463411188168,
    "omega_ratio_w_btc": 103.22392555481602,
    "omega_ratio_w_usd": 703.6450060218658,
    "paper_loss_mean_ratio_btc": -0.001971954742846319,
    "paper_loss_mean_ratio_usd": 0.002872476384068923,
    "paper_loss_mean_ratio_w_btc": 0.12867908665082659,
    "paper_loss_mean_ratio_w_usd": 0.024932090293604593,
    "paper_loss_ratio_btc": -0.0008621635734724707,
    "paper_loss_ratio_usd": 0.0014244499627173678,
    "paper_loss_ratio_w_btc": 0.08602882294617312,
    "paper_loss_ratio_w_usd": 0.015123550565652654,
    "peak_recovery_days_equity_btc": 118.74652777777777,
    "peak_recovery_days_equity_usd": 308.9458333333333,
    "peak_recovery_days_pnl": 308.9458333333333,
    "peak_recovery_days_strategy_eq": 308.9458333333333,
    "peak_recovery_days_strategy_eq_long": 0.0,
    "peak_recovery_days_strategy_eq_short": 0.0,
    "peak_recovery_hours_equity_btc": 2849.9166666666665,
    "peak_recovery_hours_equity_usd": 7414.7,
    "peak_recovery_hours_pnl": 7414.7,
    "peak_recovery_hours_strategy_eq": 7414.7,
    "peak_recovery_hours_strategy_eq_long": 0.0,
    "peak_recovery_hours_strategy_eq_short": 0.0,
    "pnl_ratio_long_short": 1.0,
    "position_held_days_max": 115.8888888888889,
    "position_held_days_mean": 1.0050285657998423,
    "position_held_days_median": 0.003472222222222222,
    "position_held_hours_max": 2781.3333333333335,
    "position_held_hours_mean": 24.120685579196216,
    "position_held_hours_median": 0.08333333333333333,
    "position_unchanged_days_max": 113.53819444444444,