{
    "adg_btc": -0.00062949050315253,
    "adg_per_exposure_long_btc": -0.00041966033543501996,
    "adg_per_exposure_long_usd": 0.00012696528390080766,
    "adg_per_exposure_short_btc": 0.0,
    "adg_per_exposure_short_usd": 0.0,
    "adg_pnl": 0.0003266240008670837,
    "adg_pnl_w": 0.001388683010455252,
    "adg_strategy_eq": 0.0001904479258512115,
    "adg_strategy_eq_w": 0.00036904822145816807,
    "adg_usd": 0.0001904479258512115,
    "adg_w_btc": 0.0011450439149746305,
    "adg_w_per_exposure_long_btc": 0.000763362609983087,
    "adg_w_per_exposure_long_usd": 0.00024603214763877873,
    "adg_w_per_exposure_short_btc": 0.0,
    "adg_w_per_exposure_short_usd": 0.0,
    "adg_w_usd": 0.00036904822145816807,
    "backtest_completion_ratio": 1.0,
    "calmar_ratio_btc": -0.00031695769438788853,
    "calmar_ratio_strategy_eq": 0.00021072389783795273,
    "calmar_ratio_strategy_eq_w": 0.0006500281478387452,
    "calmar_ratio_usd": 0.00021072389783795316,
    "calmar_ratio_w_btc": 0.0033392502344199173,
    "calmar_ratio_w_usd": 0.0012744047270656423,
    "drawdown_worst_btc": 1.9860395071594885,
    "drawdown_worst_ema_strategy_eq": 0.0,
    "drawdown_worst_ema_strategy_eq_long": 0.0,
    "drawdown_worst_ema_strategy_eq_short": 0.0,
    "drawdown_worst_mean_1pct_btc": 1.0405734576431216,
    "drawdown_worst_mean_1pct_ema_strategy_eq": 0.0,
    "drawdown_worst_mean_1pct_ema_strategy_eq_long": 0.0,
    "drawdown_worst_mean_1pct_ema_strategy_eq_short": 0.0,
    "drawdown_worst_mean_1pct_strategy_eq": 0.8712937716577196,
    "drawdown_worst_mean_1pct_strategy_eq_long": 0.0,
    "drawdown_worst_mean_1pct_strategy_eq_short": 0.0,
    "drawdown_worst_mean_1pct_usd": 0.87129377165772,
    "drawdown_worst_strategy_eq": 0.9037794374782613,
    "drawdown_worst_strategy_eq_long": 0.0,
    "drawdown_worst_strategy_eq_short": 0.0,
    "drawdown_worst_usd": 0.9037794374782594,
    "entry_initial_balance_pct_long": 0.0361155,
    "entry_initial_balance_pct_short": 0.0,
    "entry_interval_hours_max": 6773.183333333333,
    "entry_interval_hours_mean": 22.49046687532603,
    "entry_interval_hours_median": 5.25,
    "entry_interval_hours_p95": 77.975,
    "entry_interval_hours_p99": 194.8474999999996,
    "equity_balance_diff_neg_max_btc": 2.341037084031095,
    "equity_balance_diff_neg_max_usd": 0.9023853012932334,
    "equity_balance_diff_neg_mean_btc": 0.18402894772898018,
    "equity_balance_diff_neg_mean_usd": 0.23243332913665388,
    "equity_balance_diff_pos_max_btc": 0.6180368968653083,
    "equity_balance_diff_pos_max_usd": 0.3315084802919608,
    "equity_balance_diff_pos_mean_btc": 0.09821926066939912,
    "equity_balance_diff_pos_mean_usd": 0.04919505687754253,
    "equity_choppiness_btc": 30.950185564105244,
    "equity_choppiness_usd": 47.628753738088605,
    "equity_choppiness_w_btc": 15.958774978918845,
    "equity_choppiness_w_usd": 60.164598478287665,
    "equity_jerkiness_btc": 0.060229029214009966,
    "equity_jerkiness_usd": 0.022489029313754568,
    "equity_jerkiness_w_btc": 0.029772258352078494,
    "equity_jerkiness_w_usd": 0.01005028843074145,
    "expected_shortfall_1pct_btc": 0.5125504785692571,
    "expected_shortfall_1pct_strategy_eq": 0.24056423883667374,
    "expected_shortfall_1pct_usd": 0.24056423883667344,
    "exponential_fit_error_btc": null,
    "exponential_fit_error_usd": 0.2597535692822406,
    "exponential_fit_error_w_btc": null,
    "exponential_fit_error_w_usd": 0.028219905351308923,
    "exposure_mean_ratio_btc": -0.0012364276832036664,
    "exposure_mean_ratio_usd": 0.00037407250236799815,
    "exposure_mean_ratio_w_btc": 0.00403583279894841,
    "exposure_mean_ratio_w_usd": 0.0012598487140570622,
    "exposure_ratio_btc": -0.00041966170563987763,
    "exposure_ratio_usd": 0.0001269656984466536,
    "exposure_ratio_w_btc": 0.0007633714382405329,
    "exposure_ratio_w_usd": 0.00024603450084974146,
    "gain_btc": 0.21911041611811102,
    "gain_per_exposure_long_btc": 0.14607361074540734,
    "gain_per_exposure_long_usd": 1.0551269829678998,
    "gain_per_exposure_short_btc": 0.0,
    "gain_per_exposure_short_usd": 0.0,
    "gain_strategy_eq": 1.5826904744518517,
    "gain_usd": 1.5826904744518497,
    "hard_stop_duration_minutes_max": 0.0,
    "hard_stop_duration_minutes_mean": 0.0,
    "hard_stop_flatten_time_minutes_mean": 0.0,
    "hard_stop_halt_to_restart_equity_loss_pct": 0.0,
    "hard_stop_panic_close_loss_max": 0.0,
    "hard_stop_panic_close_loss_sum": 0.0,
    "hard_stop_post_restart_retrigger_pct": 0.0,
    "hard_stop_restarts": 0,
    "hard_stop_restarts_long": 0,
    "hard_stop_restarts_per_year": 0.0,
    "hard_stop_restarts_per_year_long": 0.0,
    "hard_stop_restarts_per_year_short": 0.0,
    "hard_stop_restarts_short": 0,
    "hard_stop_time_in_orange_pct": 0.0,
    "hard_stop_time_in_red_pct": 0.0,
    "hard_stop_time_in_yellow_pct": 0.0,
    "hard_stop_trigger_drawdown_mean": 0.0,
    "hard_stop_triggers": 0,
    "hard_stop_triggers_long": 0,
    "hard_stop_triggers_per_year": 0.0,
    "hard_stop_triggers_short": 0,
    "high_exposure_days_max_long": 281.7104166666667,
    "high_exposure_days_max_short": 0.0,
    "high_exposure_days_mean_long": 1.4465210519235943,
    "high_exposure_days_mean_short": 0.0,
    "high_exposure_hours_max_long": 6761.05,
    "high_exposure_hours_max_short": 0.0,
    "high_exposure_hours_mean_long": 34.716505246166264,
    "high_exposure_hours_mean_short": 0.0,
    "liquidated": false,
    "long_short_profit_ratio": 1.0,
    "loss_profit_ratio": 0.7297445155456909,
    "loss_profit_ratio_long": 0.7297445155456909,
    "loss_profit_ratio_short": 1.0,
    "loss_profit_ratio_w": 0.23818239715437978,
    "mdg_btc": -0.00051481149045174,
    "mdg_per_exposure_long_btc": -0.00034320766030116,
    "mdg_per_exposure_long_usd": 0.00046591421469708693,
    "mdg_per_exposure_short_btc": 0.0,
    "mdg_per_exposure_short_usd": 0.0,
    "mdg_pnl": 0.0016606884109924066,
    "mdg_pnl_w": 0.0010957425077444025,
    "mdg_strategy_eq": 0.0006988713220457153,
    "mdg_strategy_eq_w": 0.0003008304344270298,
    "mdg_usd": 0.0006988713220456304,
    "mdg_w_btc": -0.00032095514592485146,
    "mdg_w_per_exposure_long_btc": -0.0002139700972832343,
    "mdg_w_per_exposure_long_usd": 0.00020055362295135184,
    "mdg_w_per_exposure_short_btc": 0.0,
    "mdg_w_per_exposure_short_usd": 0.0,
    "mdg_w_usd": 0.00030083043442702775,
    "omega_ratio_btc": 0.38220709180962803,
    "omega_ratio_strategy_eq": 1.139293732081037,
    "omega_ratio_strategy_eq_w": 1.2051426362299371,
    "omega_ratio_usd": 1.1392937320810377,
    "omega_ratio_w_btc": 1.1640523376432386,
    "omega_ratio_w_usd": 1.2051426362299371,
    "paper_loss_mean_ratio_btc": -0.003420605893370547,
    "paper_loss_mean_ratio_usd": 0.0008193658222708758,
    "paper_loss_mean_ratio_w_btc": 0.03956582015698061,
    "paper_loss_mean_ratio_w_usd": 0.09813391878401591,
    "paper_loss_ratio_btc": -0.0002688938622316026,
    "paper_loss_ratio_usd": 0.0002110494547930638,
    "paper_loss_ratio_w_btc": 0.008971981793526904,
    "paper_loss_ratio_w_usd": 0.012053303527437349,
    "peak_recovery_days_equity_btc": 16.57777777777778,
    "peak_recovery_days_equity_usd": 320.5104166666667,
    "peak_recovery_days_pnl": 1853.8381944444445,
    "peak_recovery_days_strategy_eq": 1853.8229166666667,
    "peak_recovery_days_strategy_eq_long": 0.0,
    "peak_recovery_days_strategy_eq_short": 0.0,
    "peak_recovery_hours_equity_btc": 397.8666666666667,
    "peak_recovery_hours_equity_usd": 7692.25,
    "peak_recovery_hours_pnl": 44492.11666666667,
    "peak_recovery_hours_strategy_eq": 44491.75,
    "peak_recovery_hours_strategy_eq_long": 0.0,
    "peak_recovery_hours_strategy_eq_short": 0.0,
    "pnl_ratio_long_short": 1.0,
    "position_held_days_max": 282.21527777777777,
    "position_held_days_mean": 0.9366553687046452,
    "position_held_days_median": 0.20833333333333334,
    "position_held_hours_max": 6773.166666666667,