{
    "adg_btc": 0.003923590159759405,
    "adg_per_exposure_long_btc": 0.0019617950798797024,
    "adg_per_exposure_long_usd": 0.000901424466802303,
    "adg_per_exposure_short_btc": 0.0,
    "adg_per_exposure_short_usd": 0.0,
    "adg_pnl": 0.003108972679715237,
    "adg_pnl_w": 0.0012723766692670148,
    "adg_strategy_eq": 0.001802848933604606,
    "adg_strategy_eq_w": -7.606228456545905e-05,
    "adg_usd": 0.001802848933604606,
    "adg_w_btc": 0.01519122764617702,
    "adg_w_per_exposure_long_btc": 0.00759561382308851,
    "adg_w_per_exposure_long_usd": -3.803114228271287e-05,
    "adg_w_per_exposure_short_btc": 0.0,
    "adg_w_per_exposure_short_usd": 0.0,
    "adg_w_usd": -7.606228456542574e-05,
    "backtest_completion_ratio": 1.0,
    "calmar_ratio_btc": 0.05281249865812002,
    "calmar_ratio_strategy_eq": 0.05113553566362041,
    "calmar_ratio_strategy_eq_w": -0.00564815976716182,
    "calmar_ratio_usd": 0.051135535663620404,
    "calmar_ratio_w_btc": 0.6943808648095068,
    "calmar_ratio_w_usd": -0.00516237110658172,
    "drawdown_worst_btc": 0.07429283331505743,
    "drawdown_worst_ema_strategy_eq": 0.0,
    "drawdown_worst_ema_strategy_eq_long": 0.0,
    "drawdown_worst_ema_strategy_eq_short": 0.0,
    "drawdown_worst_mean_1pct_btc": 0.07429283331505743,
    "drawdown_worst_mean_1pct_ema_strategy_eq": 0.0,
    "drawdown_worst_mean_1pct_ema_strategy_eq_long": 0.0,
    "drawdown_worst_mean_1pct_ema_strategy_eq_short": 0.0,
    "drawdown_worst_mean_1pct_strategy_eq": 0.03525628333032629,
    "drawdown_worst_mean_1pct_strategy_eq_long": 0.0,
    "drawdown_worst_mean_1pct_strategy_eq_short": 0.0,
    "drawdown_worst_mean_1pct_usd": 0.0352562833303263,
    "drawdown_worst_strategy_eq": 0.03525628333032629,
    "drawdown_worst_strategy_eq_long": 0.0,
    "drawdown_worst_strategy_eq_short": 0.0,
    "drawdown_worst_usd": 0.0352562833303263,
    "entry_initial_balance_pct_long": 0.3321788576,
    "entry_initial_balance_pct_short": 0.0,
    "entry_interval_hours_max": 213.43333333333334,
    "entry_interval_hours_mean": 99.6763888888889,
    "entry_interval_hours_median": 52.55,
    "entry_interval_hours_p95": 213.21333333333334,
    "entry_interval_hours_p99": 213.38933333333333,
    "equity_balance_diff_neg_max_btc": 0.034482958330892814,
    "equity_balance_diff_neg_max_usd": 0.02861733132771722,
    "equity_balance_diff_neg_mean_btc": 0.013615902895583957,
    "equity_balance_diff_neg_mean_usd": 0.008318089546035959,
    "equity_balance_diff_pos_max_btc": 0.1232258297535325,
    "equity_balance_diff_pos_max_usd": 0.03412692343418665,
    "equity_balance_diff_pos_mean_btc": 0.032307158216048466,
    "equity_balance_diff_pos_mean_usd": 0.011945441088461564,
    "equity_choppiness_btc": 3.0803030185527804,
    "equity_choppiness_usd": 3.1230316663654167,
    "equity_choppiness_w_btc": 1.4224675596330887,
    "equity_choppiness_w_usd": 6.312244671934949,
    "equity_jerkiness_btc": 0.02437130089263018,
    "equity_jerkiness_usd": 0.009660274402818938,
    "equity_jerkiness_w_btc": 0.03978231336566744,
    "equity_jerkiness_w_usd": 0.009596786976160393,
    "expected_shortfall_1pct_btc": 0.04292061739413402,
    "expected_shortfall_1pct_strategy_eq": 0.014629268061107174,
    "expected_shortfall_1pct_usd": 0.014629268061107174,
    "exponential_fit_error_btc": 0.002042587793396064,
    "exponential_fit_error_usd": 8.289333942544133e-05,
    "exponential_fit_error_w_btc": 0.0007382719152311844,
    "exponential_fit_error_w_usd": 3.880596370168165e-05,
    "exposure_mean_ratio_btc": 0.002844652487520871,
    "exposure_mean_ratio_usd": 0.001307088277517031,
    "exposure_mean_ratio_w_btc": 0.011373451183773104,
    "exposure_mean_ratio_w_usd": -0.0001322526607330417,
    "exposure_ratio_btc": 0.0019615348540038277,
    "exposure_ratio_usd": 0.0009013048957146731,
    "exposure_ratio_w_btc": 0.007599110873394406,
    "exposure_ratio_w_usd": -3.810412633998388e-05,
    "gain_btc": 1.2306511094551098,
    "gain_per_exposure_long_btc": 0.6153255547275549,
    "gain_per_exposure_long_usd": 0.5500851383694788,
    "gain_per_exposure_short_btc": 0.0,
    "gain_per_exposure_short_usd": 0.0,
    "gain_strategy_eq": 1.1001702767389576,
    "gain_usd": 1.1001702767389576,
    "hard_stop_duration_minutes_max": 0.0,
    "hard_stop_duration_minutes_mean": 0.0,
    "hard_stop_flatten_time_minutes_mean": 0.0,
    "hard_stop_halt_to_restart_equity_loss_pct": 0.0,
    "hard_stop_panic_close_loss_max": 0.0,
    "hard_stop_panic_close_loss_sum": 0.0,
    "hard_stop_post_restart_retrigger_pct": 0.0,
    "hard_stop_restarts": 0,
    "hard_stop_restarts_long": 0,
    "hard_stop_restarts_per_year": 0.0,
    "hard_stop_restarts_per_year_long": 0.0,
    "hard_stop_restarts_per_year_short": 0.0,
    "hard_stop_restarts_short": 0,
    "hard_stop_time_in_orange_pct": 0.0,
    "hard_stop_time_in_red_pct": 0.0,
    "hard_stop_time_in_yellow_pct": 0.0,
    "hard_stop_trigger_drawdown_mean": 0.0,
    "hard_stop_triggers": 0,
    "hard_stop_triggers_long": 0,
    "hard_stop_triggers_per_year": 0.0,
    "hard_stop_triggers_short": 0,
    "high_exposure_days_max_long": 8.07638888888889,
    "high_exposure_days_max_short": 0.0,
    "high_exposure_days_mean_long": 3.708838383838384,
    "high_exposure_days_mean_short": 0.0,
    "high_exposure_hours_max_long": 193.83333333333334,
    "high_exposure_hours_max_short": 0.0,
    "high_exposure_hours_mean_long": 89.01212121212122,
    "high_exposure_hours_mean_short": 0.0,
    "liquidated": false,
    "long_short_profit_ratio": 1.0,
    "loss_profit_ratio": 0.03932299854231276,
    "loss_profit_ratio_long": 0.03932299854231276,
    "loss_profit_ratio_short": 1.0,
    "loss_profit_ratio_w": 0.1180398567316521,
    "mdg_btc": 0.00374359108645489,
    "mdg_per_exposure_long_btc": 0.001871795543227445,
    "mdg_per_exposure_long_usd": 0.0007791367377908564,
    "mdg_per_exposure_short_btc": 0.0,
    "mdg_per_exposure_short_usd": 0.0,
    "mdg_pnl": 0.0022055029288390376,
    "mdg_pnl_w": 0.00042393817570135565,
    "mdg_strategy_eq": 0.001558273475581713,
    "mdg_strategy_eq_w": 0.0002915837110514042,
    "mdg_usd": 0.001558273475581713,
    "mdg_w_btc": 0.01724383646193397,
    "mdg_w_per_exposure_long_btc": 0.008621918230966984,
    "mdg_w_per_exposure_long_usd": 0.00014579185552574835,
    "mdg_w_per_exposure_short_btc": 0.0,
    "mdg_w_per_exposure_short_usd": 0.0,
    "mdg_w_usd": 0.0002915837110514967,
    "omega_ratio_btc": 1.8976251092733802,
    "omega_ratio_strategy_eq": 1.9815760071499928,
    "omega_ratio_strategy_eq_w": 1.0972035870692278,
    "omega_ratio_usd": 1.9815760071499997,
    "omega_ratio_w_btc": 13.816901079056569,
    "omega_ratio_w_usd": 1.097203587069245,
    "paper_loss_mean_ratio_btc": 0.28816231944720627,
    "paper_loss_mean_ratio_usd": 0.21673834161400268,
    "paper_loss_mean_ratio_w_btc": 1935886302.0922852,
    "paper_loss_mean_ratio_w_usd": 0.021822632287646034,
    "paper_loss_ratio_btc": 0.11378345564522849,
    "paper_loss_ratio_usd": 0.06299849950922792,
    "paper_loss_ratio_w_btc": 1935886300.4593196,
    "paper_loss_ratio_w_usd": -0.012341107011837767,
    "peak_recovery_days_equity_btc": 21.00138888888889,
    "peak_recovery_days_equity_usd": 7.491666666666667,
    "peak_recovery_days_pnl": 8.080555555555556,
    "peak_recovery_days_strategy_eq": 7.491666666666666,
    "peak_recovery_days_strategy_eq_long": 0.0,
    "peak_recovery_days_strategy_eq_short": 0.0,
    "peak_recovery_hours_equity_btc": 504.03333333333336,
    "peak_recovery_hours_equity_usd": 179.8,
    "peak_recovery_hours_pnl": 193.93333333333334,
    "peak_recovery_hours_strategy_eq": 179.79999999999998,
    "peak_recovery_hours_strategy_eq_long": 0.0,
    "peak_recovery_hours_strategy_eq_short": 0.0,
    "pnl_ratio_long_short": 1.0,
    "position_held_days_max": 8.875694444444445,
    "position_held_days_mean": 3.959401709401709,
    "position_held_days_median": 2.022222222222222,
    "position_held_hours_max": 213.01666666666668,