{
    "adg_btc": 0.001667779043862616,
    "adg_per_exposure_long_btc": 0.000833889521931308,
    "adg_per_exposure_long_usd": 0.0008389533667175764,
    "adg_per_exposure_short_btc": 0.0,
    "adg_per_exposure_short_usd": 0.0,
    "adg_pnl": 0.003803238511870419,
    "adg_pnl_w": 0.002216427269965007,
    "adg_strategy_eq": 0.0016779067334351527,
    "adg_strategy_eq_w": -0.001849402301084102,
    "adg_usd": 0.0016779067334351527,
    "adg_w_btc": -0.0019030581247189704,
    "adg_w_per_exposure_long_btc": -0.0009515290623594852,
    "adg_w_per_exposure_long_usd": -0.0009247011505420843,
    "adg_w_per_exposure_short_btc": 0.0,
    "adg_w_per_exposure_short_usd": 0.0,
    "adg_w_usd": -0.0018494023010841687,
    "backtest_completion_ratio": 1.0,
    "calmar_ratio_btc": 0.021875267898057826,
    "calmar_ratio_strategy_eq": 0.02255523284718378,
    "calmar_ratio_strategy_eq_w": -0.02486055911085689,
    "calmar_ratio_usd": 0.022555232847183575,
    "calmar_ratio_w_btc": -0.02654678108384036,
    "calmar_ratio_w_usd": -0.02649839859752829,
    "drawdown_worst_btc": 0.0762403940209888,
    "drawdown_worst_ema_strategy_eq": 0.0,
    "drawdown_worst_ema_strategy_eq_long": 0.0,
    "drawdown_worst_ema_strategy_eq_short": 0.0,
    "drawdown_worst_mean_1pct_btc": 0.0762403940209888,
    "drawdown_worst_mean_1pct_ema_strategy_eq": 0.0,
    "drawdown_worst_mean_1pct_ema_strategy_eq_long": 0.0,
    "drawdown_worst_mean_1pct_ema_strategy_eq_short": 0.0,
    "drawdown_worst_mean_1pct_strategy_eq": 0.07439101803130595,
    "drawdown_worst_mean_1pct_strategy_eq_long": 0.0,
    "drawdown_worst_mean_1pct_strategy_eq_short": 0.0,
    "drawdown_worst_mean_1pct_usd": 0.07439101803130663,
    "drawdown_worst_strategy_eq": 0.07439101803130595,
    "drawdown_worst_strategy_eq_long": 0.0,
    "drawdown_worst_strategy_eq_short": 0.0,
    "drawdown_worst_usd": 0.07439101803130663,
    "entry_initial_balance_pct_long": 0.3438023316,
    "entry_initial_balance_pct_short": 0.0,
    "entry_interval_hours_max": 664.1333333333333,
    "entry_interval_hours_mean": 278.62916666666666,
    "entry_interval_hours_median": 207.68333333333334,
    "entry_interval_hours_p95": 596.4883333333332,
    "entry_interval_hours_p99": 650.6043333333332,
    "equity_balance_diff_neg_max_btc": 0.06311560238935522,
    "equity_balance_diff_neg_max_usd": 0.061239950435281375,
    "equity_balance_diff_neg_mean_btc": 0.009107232037238577,
    "equity_balance_diff_neg_mean_usd": 0.009065947849939308,
    "equity_balance_diff_pos_max_btc": 0.05862041193907802,
    "equity_balance_diff_pos_max_usd": 0.05862041193907797,
    "equity_balance_diff_pos_mean_btc": 0.015024152245542094,
    "equity_balance_diff_pos_mean_usd": 0.015024152245542096,
    "equity_choppiness_btc": 6.759793301439252,
    "equity_choppiness_usd": 6.540003069030183,
    "equity_choppiness_w_btc": 30.632340238922332,
    "equity_choppiness_w_usd": 19.757885485597413,
    "equity_jerkiness_btc": 0.01220164156513254,
    "equity_jerkiness_usd": 0.012169527455129127,
    "equity_jerkiness_w_btc": 0.01915175173783059,
    "equity_jerkiness_w_usd": 0.018930368787665932,
    "expected_shortfall_1pct_btc": 0.046073635001805446,
    "expected_shortfall_1pct_strategy_eq": 0.04416386485821612,
    "expected_shortfall_1pct_usd": 0.04416386485821619,
    "exponential_fit_error_btc": 0.0002255020317439807,
    "exponential_fit_error_usd": 0.00022155618002307458,
    "exponential_fit_error_w_btc": 0.00020576871594312653,
    "exponential_fit_error_w_usd": 0.00019611758809416898,
    "exposure_mean_ratio_btc": 0.001152751604879739,
    "exposure_mean_ratio_usd": 0.0011597517590377063,
    "exposure_mean_ratio_w_btc": -0.0013453702985652028,
    "exposure_mean_ratio_w_usd": -0.0013088398402674888,
    "exposure_ratio_btc": 0.0008333570118944723,
    "exposure_ratio_usd": 0.0008384176229811884,
    "exposure_ratio_w_btc": -0.0009519388451338219,
    "exposure_ratio_w_usd": -0.0009251064560613847,
    "gain_btc": 1.094157927691441,
    "gain_per_exposure_long_btc": 0.5470789638457205,
    "gain_per_exposure_long_usd": 0.5473777406110397,
    "gain_per_exposure_short_btc": 0.0,
    "gain_per_exposure_short_usd": 0.0,
    "gain_strategy_eq": 1.0947554812220812,
    "gain_usd": 1.0947554812220794,
    "hard_stop_duration_minutes_max": 0.0,
    "hard_stop_duration_minutes_mean": 0.0,
    "hard_stop_flatten_time_minutes_mean": 0.0,
    "hard_stop_halt_to_restart_equity_loss_pct": 0.0,
    "hard_stop_panic_close_loss_max": 0.0,
    "hard_stop_panic_close_loss_sum": 0.0,
    "hard_stop_post_restart_retrigger_pct": 0.0,
    "hard_stop_restarts": 0,
    "hard_stop_restarts_long": 0,
    "hard_stop_restarts_per_year": 0.0,
    "hard_stop_restarts_per_year_long": 0.0,
    "hard_stop_restarts_per_year_short": 0.0,
    "hard_stop_restarts_short": 0,
    "hard_stop_time_in_orange_pct": 0.0,
    "hard_stop_time_in_red_pct": 0.0,
    "hard_stop_time_in_yellow_pct": 0.0,
    "hard_stop_trigger_drawdown_mean": 0.0,
    "hard_stop_triggers": 0,
    "hard_stop_triggers_long": 0,
    "hard_stop_triggers_per_year": 0.0,
    "hard_stop_triggers_short": 0,
    "high_exposure_days_max_long": 8.53125,
    "high_exposure_days_max_short": 0.0,
    "high_exposure_days_mean_long": 3.6168560606060605,
    "high_exposure_days_mean_short": 0.0,
    "high_exposure_hours_max_long": 204.75,
    "high_exposure_hours_max_short": 0.0,
    "high_exposure_hours_mean_long": 86.80454545454545,
    "high_exposure_hours_mean_short": 0.0,
    "liquidated": false,
    "long_short_profit_ratio": 1.0,
    "loss_profit_ratio": 0.021251838133158802,
    "loss_profit_ratio_long": 0.021251838133158802,
    "loss_profit_ratio_short": 1.0,
    "loss_profit_ratio_w": 0.026382411922597222,
    "mdg_btc": 0.0007204701517273841,
    "mdg_per_exposure_long_btc": 0.00036023507586369205,
    "mdg_per_exposure_long_usd": 0.0003602350758637276,
    "mdg_per_exposure_short_btc": 0.0,
    "mdg_per_exposure_short_usd": 0.0,
    "mdg_pnl": 0.0014353081307393366,
    "mdg_pnl_w": 0.0011805351736967778,
    "mdg_strategy_eq": 0.0007204701517274551,
    "mdg_strategy_eq_w": -0.0004046998607537073,
    "mdg_usd": 0.0007204701517274552,
    "mdg_w_btc": -0.0004046998607538519,
    "mdg_w_per_exposure_long_btc": -0.00020234993037692594,
    "mdg_w_per_exposure_long_usd": -0.00020234993037690437,
    "mdg_w_per_exposure_short_btc": 0.0,
    "mdg_w_per_exposure_short_usd": 0.0,
    "mdg_w_usd": -0.00040469986075380873,
    "omega_ratio_btc": 1.3878997649279343,
    "omega_ratio_strategy_eq": 1.4017260805754075,
    "omega_ratio_strategy_eq_w": 0.5173178681101869,
    "omega_ratio_usd": 1.4017260805753924,
    "omega_ratio_w_btc": 0.5086498048346142,
    "omega_ratio_w_usd": 0.5173178681101814,
    "paper_loss_mean_ratio_btc": 0.1831268860882463,
    "paper_loss_mean_ratio_usd": 0.18507791586804523,
    "paper_loss_mean_ratio_w_btc": -0.12341260929994306,
    "paper_loss_mean_ratio_w_usd": -0.12264959375346987,
    "paper_loss_ratio_btc": 0.026424195931367613,
    "paper_loss_ratio_usd": 0.027398891107992835,
    "paper_loss_ratio_w_btc": -0.02711002925256366,
    "paper_loss_ratio_w_usd": -0.02583330704344749,
    "peak_recovery_days_equity_btc": 8.541666666666666,
    "peak_recovery_days_equity_usd": 8.541666666666666,
    "peak_recovery_days_pnl": 8.541666666666666,
    "peak_recovery_days_strategy_eq": 13.225,
    "peak_recovery_days_strategy_eq_long": 0.0,
    "peak_recovery_days_strategy_eq_short": 0.0,
    "peak_recovery_hours_equity_btc": 205.0,
    "peak_recovery_hours_equity_usd": 205.0,
    "peak_recovery_hours_pnl": 205.0,
    "peak_recovery_hours_strategy_eq": 317.4,
    "peak_recovery_hours_strategy_eq_long": 0.0,
    "peak_recovery_hours_strategy_eq_short": 0.0,
    "pnl_ratio_long_short": 1.0,
    "position_held_days_max": 26.96597222222222,
    "position_held_days_mean": 9.867916666666668,
    "position_held_days_median": 8.411805555555555,
    "position_held_hours_max": 647.1833333333333,