{
    "adg_btc": 0.002777906674909625,
    "adg_per_exposure_long_btc": 0.0013889533374548124,
    "adg_per_exposure_long_usd": 0.00031970435405448416,
    "adg_per_exposure_short_btc": 0.0,
    "adg_per_exposure_short_usd": 0.0,
    "adg_pnl": 0.000982131968594168,
    "adg_pnl_w": 0.0003559656077712054,
    "adg_strategy_eq": 0.0006394087081089683,
    "adg_strategy_eq_w": 4.057357829877484e-05,
    "adg_usd": 0.0006394087081089683,
    "adg_w_btc": 0.015621110425116136,
    "adg_w_per_exposure_long_btc": 0.007810555212558068,
    "adg_w_per_exposure_long_usd": 2.0286789149359664e-05,
    "adg_w_per_exposure_short_btc": 0.0,
    "adg_w_per_exposure_short_usd": 0.0,
    "adg_w_usd": 4.057357829871933e-05,
    "backtest_completion_ratio": 1.0,
    "calmar_ratio_btc": 0.030477220869775917,
    "calmar_ratio_strategy_eq": 0.047418683896956214,
    "calmar_ratio_strategy_eq_w": 0.0006853499745932412,
    "calmar_ratio_usd": 0.04741868389695547,
    "calmar_ratio_w_btc": 1.3779186735509625,
    "calmar_ratio_w_usd": 0.0012994883959151922,
    "drawdown_worst_btc": 0.09114698111022514,
    "drawdown_worst_ema_strategy_eq": 0.0,
    "drawdown_worst_ema_strategy_eq_long": 0.0,
    "drawdown_worst_ema_strategy_eq_short": 0.0,
    "drawdown_worst_mean_1pct_btc": 0.09114698111022514,
    "drawdown_worst_mean_1pct_ema_strategy_eq": 0.0,
    "drawdown_worst_mean_1pct_ema_strategy_eq_long": 0.0,
    "drawdown_worst_mean_1pct_ema_strategy_eq_short": 0.0,
    "drawdown_worst_mean_1pct_strategy_eq": 0.013484320009775971,
    "drawdown_worst_mean_1pct_strategy_eq_long": 0.0,
    "drawdown_worst_mean_1pct_strategy_eq_short": 0.0,
    "drawdown_worst_mean_1pct_usd": 0.013484320009776183,
    "drawdown_worst_strategy_eq": 0.013484320009775971,
    "drawdown_worst_strategy_eq_long": 0.0,
    "drawdown_worst_strategy_eq_short": 0.0,
    "drawdown_worst_usd": 0.013484320009776183,
    "entry_initial_balance_pct_long": 0.36852964479999994,
    "entry_initial_balance_pct_short": 0.0,
    "entry_interval_hours_max": 959.9166666666666,
    "entry_interval_hours_mean": 959.9166666666666,
    "entry_interval_hours_median": 959.9166666666666,
    "entry_interval_hours_p95": 959.9166666666666,
    "entry_interval_hours_p99": 959.9166666666666,
    "equity_balance_diff_neg_max_btc": 0.0450757819293682,
    "equity_balance_diff_neg_max_usd": 0.009502350404305703,
    "equity_balance_diff_neg_mean_btc": 0.016876529608721047,
    "equity_balance_diff_neg_mean_usd": 0.0024771523621166924,
    "equity_balance_diff_pos_max_btc": 0.1268613065220995,
    "equity_balance_diff_pos_max_usd": 0.012611858205357955,
    "equity_balance_diff_pos_mean_btc": 0.026117311189586028,
    "equity_balance_diff_pos_mean_usd": 0.0042295820270496585,
    "equity_choppiness_btc": 3.372740475639831,
    "equity_choppiness_usd": 3.366202166876813,
    "equity_choppiness_w_btc": 1.3187196012721027,
    "equity_choppiness_w_usd": 7.620106120253344,
    "equity_jerkiness_btc": 0.01976326647855901,
    "equity_jerkiness_usd": 0.003596038995785335,
    "equity_jerkiness_w_btc": 0.03382646330359706,
    "equity_jerkiness_w_usd": 0.003854612972603883,
    "expected_shortfall_1pct_btc": 0.03253830464484899,
    "expected_shortfall_1pct_strategy_eq": 0.004294347357665632,
    "expected_shortfall_1pct_usd": 0.00429434735766585,
    "exponential_fit_error_btc": 0.002107698880125534,
    "exponential_fit_error_usd": 1.0589205318212122e-05,
    "exponential_fit_error_w_btc": 0.0008120803872980668,
    "exponential_fit_error_w_usd": 4.715228283958163e-06,
    "exposure_mean_ratio_btc": 0.005786865184239691,
    "exposure_mean_ratio_usd": 0.0013320001081662857,
    "exposure_mean_ratio_w_btc": 0.02917081195171369,
    "exposure_mean_ratio_w_usd": 6.162141925950569e-05,
    "exposure_ratio_btc": 0.0032532125889116912,
    "exposure_ratio_usd": 0.00074881293798235,
    "exposure_ratio_w_btc": 0.018293916619578583,
    "exposure_ratio_w_usd": 4.7515806377074274e-05,
    "gain_btc": 1.1583828497354536,
    "gain_per_exposure_long_btc": 0.5791914248677268,
    "gain_per_exposure_long_usd": 0.5172291105511718,
    "gain_per_exposure_short_btc": 0.0,
    "gain_per_exposure_short_usd": 0.0,
    "gain_strategy_eq": 1.034458221102344,
    "gain_usd": 1.0344582211023436,
    "hard_stop_duration_minutes_max": 0.0,
    "hard_stop_duration_minutes_mean": 0.0,
    "hard_stop_flatten_time_minutes_mean": 0.0,
    "hard_stop_halt_to_restart_equity_loss_pct": 0.0,
    "hard_stop_panic_close_loss_max": 0.0,
    "hard_stop_panic_close_loss_sum": 0.0,
    "hard_stop_post_restart_retrigger_pct": 0.0,
    "hard_stop_restarts": 0,
    "hard_stop_restarts_long": 0,
    "hard_stop_restarts_per_year": 0.0,
    "hard_stop_restarts_per_year_long": 0.0,
    "hard_stop_restarts_per_year_short": 0.0,
    "hard_stop_restarts_short": 0,
    "hard_stop_time_in_orange_pct": 0.0,
    "hard_stop_time_in_red_pct": 0.0,
    "hard_stop_time_in_yellow_pct": 0.0,
    "hard_stop_trigger_drawdown_mean": 0.0,
    "hard_stop_triggers": 0,
    "hard_stop_triggers_long": 0,
    "hard_stop_triggers_per_year": 0.0,
    "hard_stop_triggers_short": 0,
    "high_exposure_days_max_long": 8.422222222222222,
    "high_exposure_days_max_short": 0.0,
    "high_exposure_days_mean_long": 1.3874624624624625,
    "high_exposure_days_mean_short": 0.0,
    "high_exposure_hours_max_long": 202.13333333333333,
    "high_exposure_hours_max_short": 0.0,
    "high_exposure_hours_mean_long": 33.2990990990991,
    "high_exposure_hours_mean_short": 0.0,
    "liquidated": false,
    "long_short_profit_ratio": 1.0,
    "loss_profit_ratio": 0.022319593021268933,
    "loss_profit_ratio_long": 0.022319593021268933,
    "loss_profit_ratio_short": 1.0,
    "loss_profit_ratio_w": 0.09482702755508732,
    "mdg_btc": 0.0011293402878390837,
    "mdg_per_exposure_long_btc": 0.0005646701439195418,
    "mdg_per_exposure_long_usd": 0.00033039228251715593,
    "mdg_per_exposure_short_btc": 0.0,
    "mdg_per_exposure_short_usd": 0.0,
    "mdg_pnl": 0.000567894350179053,
    "mdg_pnl_w": 0.00021666045926186785,
    "mdg_strategy_eq": 0.0006607845650343119,
    "mdg_strategy_eq_w": 0.00033265210273285576,
    "mdg_usd": 0.0006607845650343119,
    "mdg_w_btc": 0.015958996589666288,
    "mdg_w_per_exposure_long_btc": 0.007979498294833144,
    "mdg_w_per_exposure_long_usd": 0.00016632605136642788,
    "mdg_w_per_exposure_short_btc": 0.0,
    "mdg_w_per_exposure_short_usd": 0.0,
    "mdg_w_usd": 0.00033265210273285576,
    "omega_ratio_btc": 1.7892935157279861,
    "omega_ratio_strategy_eq": 1.8588012546508612,
    "omega_ratio_strategy_eq_w": 1.194059571653194,
    "omega_ratio_usd": 1.8588012546508588,
    "omega_ratio_w_btc": 517.7290266987732,
    "omega_ratio_w_usd": 1.1940595716531628,
    "paper_loss_mean_ratio_btc": 0.16460177176912752,
    "paper_loss_mean_ratio_usd": 0.2581224788137789,
    "paper_loss_mean_ratio_w_btc": 4.798784209107785,
    "paper_loss_mean_ratio_w_usd": 0.015875269209980294,
    "paper_loss_ratio_btc": 0.061627476130363845,
    "paper_loss_ratio_usd": 0.06728953163200965,
    "paper_loss_ratio_w_btc": 2.249951477687939,
    "paper_loss_ratio_w_usd": -0.0028306037899880317,
    "peak_recovery_days_equity_btc": 46.53819444444445,
    "peak_recovery_days_equity_usd": 9.102777777777778,
    "peak_recovery_days_pnl": 8.080555555555556,
    "peak_recovery_days_strategy_eq": 9.102777777777778,
    "peak_recovery_days_strategy_eq_long": 0.0,
    "peak_recovery_days_strategy_eq_short": 0.0,
    "peak_recovery_hours_equity_btc": 1116.9166666666667,
    "peak_recovery_hours_equity_usd": 218.46666666666667,
    "peak_recovery_hours_pnl": 193.93333333333334,
    "peak_recovery_hours_strategy_eq": 218.46666666666667,
    "peak_recovery_hours_strategy_eq_long": 0.0,
    "peak_recovery_hours_strategy_eq_short": 0.0,
    "pnl_ratio_long_short": 1.0,
    "position_held_days_max": 39.65,
    "position_held_days_mean": 25.760416666666668,
    "position_held_days_median": 25.760416666666668,