{
    "adg_btc": 0.003701549104395907,
    "adg_per_exposure_long_btc": 0.0018507745521979535,
    "adg_per_exposure_long_usd": 0.0009799190907620048,
    "adg_per_exposure_short_btc": 0.0,
    "adg_per_exposure_short_usd": 0.0,
    "adg_pnl": 0.003079586816649328,
    "adg_pnl_w": 0.0015087849721185543,
    "adg_strategy_eq": 0.0019598381815242316,
    "adg_strategy_eq_w": 0.0003617334485666146,
    "adg_usd": 0.0019598381815240096,
    "adg_w_btc": 0.01361573336554398,
    "adg_w_per_exposure_long_btc": 0.00680786668277199,
    "adg_w_per_exposure_long_usd": 0.00018086672428330175,
    "adg_w_per_exposure_short_btc": 0.0,
    "adg_w_per_exposure_short_usd": 0.0,
    "adg_w_usd": 0.0003617334485666035,
    "backtest_completion_ratio": 1.0,
    "calmar_ratio_btc": 0.059123791872799855,
    "calmar_ratio_strategy_eq": 0.06122924295729472,
    "calmar_ratio_strategy_eq_w": 0.009970618091061761,
    "calmar_ratio_usd": 0.061229242957287766,
    "calmar_ratio_w_btc": 0.8638800044523457,
    "calmar_ratio_w_usd": 0.011349584874365472,
    "drawdown_worst_btc": 0.06260676095267191,
    "drawdown_worst_ema_strategy_eq": 0.0,
    "drawdown_worst_ema_strategy_eq_long": 0.0,
    "drawdown_worst_ema_strategy_eq_short": 0.0,
    "drawdown_worst_mean_1pct_btc": 0.06260676095267191,
    "drawdown_worst_mean_1pct_ema_strategy_eq": 0.0,
    "drawdown_worst_mean_1pct_ema_strategy_eq_long": 0.0,
    "drawdown_worst_mean_1pct_ema_strategy_eq_short": 0.0,
    "drawdown_worst_mean_1pct_strategy_eq": 0.03200820534219492,
    "drawdown_worst_mean_1pct_strategy_eq_long": 0.0,
    "drawdown_worst_mean_1pct_strategy_eq_short": 0.0,
    "drawdown_worst_mean_1pct_usd": 0.03200820534219493,
    "drawdown_worst_strategy_eq": 0.03200820534219492,
    "drawdown_worst_strategy_eq_long": 0.0,
    "drawdown_worst_strategy_eq_short": 0.0,
    "drawdown_worst_usd": 0.03200820534219493,
    "entry_initial_balance_pct_long": 0.41648873880000004,
    "entry_initial_balance_pct_short": 0.0,
    "entry_interval_hours_max": 376.46666666666664,
    "entry_interval_hours_mean": 191.98333333333332,
    "entry_interval_hours_median": 194.7,
    "entry_interval_hours_p95": 342.24583333333334,
    "entry_interval_hours_p99": 369.6225,
    "equity_balance_diff_neg_max_btc": 0.04028119044905645,
    "equity_balance_diff_neg_max_usd": 0.01942555833977357,
    "equity_balance_diff_neg_mean_btc": 0.01624929243258414,
    "equity_balance_diff_neg_mean_usd": 0.005792541008604612,
    "equity_balance_diff_pos_max_btc": 0.13386038931063396,
    "equity_balance_diff_pos_max_usd": 0.04844323514697554,
    "equity_balance_diff_pos_mean_btc": 0.031015549870519066,
    "equity_balance_diff_pos_mean_usd": 0.013515760514890425,
    "equity_choppiness_btc": 2.684431665836862,
    "equity_choppiness_usd": 2.542794657832436,
    "equity_choppiness_w_btc": 1.2815004424504823,
    "equity_choppiness_w_usd": 14.278881360275047,
    "equity_jerkiness_btc": 0.021286368953771746,
    "equity_jerkiness_usd": 0.00799769296917415,
    "equity_jerkiness_w_btc": 0.03235086780766307,
    "equity_jerkiness_w_usd": 0.007456992531315318,
    "expected_shortfall_1pct_btc": 0.0494753904797538,
    "expected_shortfall_1pct_strategy_eq": 0.01389951571336551,
    "expected_shortfall_1pct_usd": 0.01389951571336562,
    "exponential_fit_error_btc": 0.0016036118346693371,
    "exponential_fit_error_usd": 9.749749302316185e-05,
    "exponential_fit_error_w_btc": 0.0008032727831956398,
    "exponential_fit_error_w_usd": 2.7959660807186993e-05,
    "exposure_mean_ratio_btc": 0.003107106697129941,
    "exposure_mean_ratio_usd": 0.0016451021362576279,
    "exposure_mean_ratio_w_btc": 0.01066573607482951,
    "exposure_mean_ratio_w_usd": 0.0002341715812791299,
    "exposure_ratio_btc": 0.001849650256630138,
    "exposure_ratio_usd": 0.0009793238163730992,
    "exposure_ratio_w_btc": 0.0068093899329417324,
    "exposure_ratio_w_usd": 0.00018068456923981272,
    "gain_btc": 1.216307837329479,
    "gain_per_exposure_long_btc": 0.6081539186647394,
    "gain_per_exposure_long_usd": 0.5546725109608835,
    "gain_per_exposure_short_btc": 0.0,
    "gain_per_exposure_short_usd": 0.0,
    "gain_strategy_eq": 1.1093450219217675,
    "gain_usd": 1.109345021921767,
    "hard_stop_duration_minutes_max": 0.0,
    "hard_stop_duration_minutes_mean": 0.0,
    "hard_stop_flatten_time_minutes_mean": 0.0,
    "hard_stop_halt_to_restart_equity_loss_pct": 0.0,
    "hard_stop_panic_close_loss_max": 0.0,
    "hard_stop_panic_close_loss_sum": 0.0,
    "hard_stop_post_restart_retrigger_pct": 0.0,
    "hard_stop_restarts": 0,
    "hard_stop_restarts_long": 0,
    "hard_stop_restarts_per_year": 0.0,
    "hard_stop_restarts_per_year_long": 0.0,
    "hard_stop_restarts_per_year_short": 0.0,
    "hard_stop_restarts_short": 0,
    "hard_stop_time_in_orange_pct": 0.0,
    "hard_stop_time_in_red_pct": 0.0,
    "hard_stop_time_in_yellow_pct": 0.0,
    "hard_stop_trigger_drawdown_mean": 0.0,
    "hard_stop_triggers": 0,
    "hard_stop_triggers_long": 0,
    "hard_stop_triggers_per_year": 0.0,
    "hard_stop_triggers_short": 0,
    "high_exposure_days_max_long": 8.28125,
    "high_exposure_days_max_short": 0.0,
    "high_exposure_days_mean_long": 3.087373737373737,
    "high_exposure_days_mean_short": 0.0,
    "high_exposure_hours_max_long": 198.75,
    "high_exposure_hours_max_short": 0.0,
    "high_exposure_hours_mean_long": 74.0969696969697,
    "high_exposure_hours_mean_short": 0.0,
    "liquidated": false,
    "long_short_profit_ratio": 1.0,
    "loss_profit_ratio": 0.03403580073080989,
    "loss_profit_ratio_long": 0.03403580073080989,
    "loss_profit_ratio_short": 1.0,
    "loss_profit_ratio_w": 0.05119933623632013,
    "mdg_btc": 0.0016893771864575718,
    "mdg_per_exposure_long_btc": 0.0008446885932287859,
    "mdg_per_exposure_long_usd": 0.0006382466073512319,
    "mdg_per_exposure_short_btc": 0.0,
    "mdg_per_exposure_short_usd": 0.0,
    "mdg_pnl": 0.0015802523197341052,
    "mdg_pnl_w": 0.0012339564774162554,
    "mdg_strategy_eq": 0.0012764932147024631,
    "mdg_strategy_eq_w": 0.0004217369697398765,
    "mdg_usd": 0.0012764932147024638,
    "mdg_w_btc": 0.01620454903493627,
    "mdg_w_per_exposure_long_btc": 0.008102274517468136,
    "mdg_w_per_exposure_long_usd": 0.00021086848486994353,
    "mdg_w_per_exposure_short_btc": 0.0,
    "mdg_w_per_exposure_short_usd": 0.0,
    "mdg_w_usd": 0.00042173696973988705,
    "omega_ratio_btc": 2.0906711357067924,
    "omega_ratio_strategy_eq": 2.342963440177389,
    "omega_ratio_strategy_eq_w": 1.461996333979202,
    "omega_ratio_usd": 2.3429634401773907,
    "omega_ratio_w_btc": 507.5579556513899,
    "omega_ratio_w_usd": 1.4619963339792155,
    "paper_loss_mean_ratio_btc": 0.22779755609378532,
    "paper_loss_mean_ratio_usd": 0.33833824889849556,
    "paper_loss_mean_ratio_w_btc": 2448902767.17969,
    "paper_loss_mean_ratio_w_usd": 0.0112642796116663,
    "paper_loss_ratio_btc": 0.09189274356420149,
    "paper_loss_ratio_usd": 0.10088967056927611,
    "paper_loss_ratio_w_btc": 2448902766.9196444,
    "paper_loss_ratio_w_usd": 0.021711578895149842,
    "peak_recovery_days_equity_btc": 12.422222222222222,
    "peak_recovery_days_equity_usd": 7.877777777777777,
    "peak_recovery_days_pnl": 8.08611111111111,
    "peak_recovery_days_strategy_eq": 7.877777777777778,
    "peak_recovery_days_strategy_eq_long": 0.0,
    "peak_recovery_days_strategy_eq_short": 0.0,
    "peak_recovery_hours_equity_btc": 298.1333333333333,
    "peak_recovery_hours_equity_usd": 189.06666666666666,
    "peak_recovery_hours_pnl": 194.06666666666666,
    "peak_recovery_hours_strategy_eq": 189.06666666666666,
    "peak_recovery_hours_strategy_eq_long": 0.0,
    "peak_recovery_hours_strategy_eq_short": 0.0,
    "pnl_ratio_long_short": 1.0,
    "position_held_days_max": 15.661111111111111,
    "position_held_days_mean": 6.697916666666667,
    "position_held_days_median": 7.204166666666667,
    "position_held_hours_max": 375.8666666666667,