{
    "adg_btc": 0.00449959502686359,
    "adg_per_exposure_long_btc": 0.00299973001790906,
    "adg_per_exposure_long_usd": 0.0022114010193496902,
    "adg_per_exposure_short_btc": 0.0,
    "adg_per_exposure_short_usd": 0.0,
    "adg_pnl": 0.0034711755885793037,
    "adg_pnl_w": 0.002718332991317324,
    "adg_strategy_pnl_rebased": 0.0033171015290245354,
    "adg_strategy_pnl_rebased_w": 0.002580441505589737,
    "adg_usd": 0.0033171015290245354,
    "adg_w_btc": 0.002384714274829092,
    "adg_w_per_exposure_long_btc": 0.0015898095165527279,
    "adg_w_per_exposure_long_usd": 0.001720294337059854,
    "adg_w_per_exposure_short_btc": 0.0,
    "adg_w_per_exposure_short_usd": 0.0,
    "adg_w_usd": 0.002580441505589781,
    "calmar_ratio_btc": 0.006531978134398133,
    "calmar_ratio_strategy_pnl_rebased": 0.005138893290482009,
    "calmar_ratio_strategy_pnl_rebased_w": 0.024644415693895038,
    "calmar_ratio_usd": 0.0051388932904820085,
    "calmar_ratio_w_btc": 0.014286494666444067,
    "calmar_ratio_w_usd": 0.024644415693895572,
    "drawdown_worst_btc": 0.6888564129093169,
    "drawdown_worst_ema_hsl": 0.0,
    "drawdown_worst_ema_hsl_long": 0.0,
    "drawdown_worst_ema_hsl_short": 0.0,
    "drawdown_worst_hsl": 0.645489474390974,
    "drawdown_worst_hsl_long": 0.0,
    "drawdown_worst_hsl_short": 0.0,
    "drawdown_worst_mean_1pct_btc": 0.4705402718813979,
    "drawdown_worst_mean_1pct_ema_hsl": 0.0,
    "drawdown_worst_mean_1pct_ema_hsl_long": 0.0,
    "drawdown_worst_mean_1pct_ema_hsl_short": 0.0,
    "drawdown_worst_mean_1pct_hsl": 0.21483127556692166,
    "drawdown_worst_mean_1pct_hsl_long": 0.0,
    "drawdown_worst_mean_1pct_hsl_short": 0.0,
    "drawdown_worst_mean_1pct_usd": 0.47209825608415124,
    "drawdown_worst_usd": 0.6454894743909741,
    "entry_initial_balance_pct_long": 0.0361155,
    "entry_initial_balance_pct_short": 0.0,
    "equity_balance_diff_neg_max_btc": 0.656681276277128,
    "equity_balance_diff_neg_max_usd": 0.611502197159364,
    "equity_balance_diff_neg_mean_btc": 0.02732073763498664,
    "equity_balance_diff_neg_mean_usd": 0.039792438512597,
    "equity_balance_diff_pos_max_btc": 0.7111957574788426,
    "equity_balance_diff_pos_max_usd": 0.22747559783256885,
    "equity_balance_diff_pos_mean_btc": 0.1668259242952417,
    "equity_balance_diff_pos_mean_usd": 0.09496289123450811,
    "equity_choppiness_btc": 4.961496671916859,
    "equity_choppiness_usd": 3.0180889778999043,
    "equity_choppiness_w_btc": 25.589189178323082,
    "equity_choppiness_w_usd": 2.435917734843141,
    "equity_jerkiness_btc": 0.031692169983048496,
    "equity_jerkiness_usd": 0.014377582877395797,
    "equity_jerkiness_w_btc": 0.03185217640240171,
    "equity_jerkiness_w_usd": 0.010219357236415177,
    "expected_shortfall_1pct_btc": 0.40220909296342156,
    "expected_shortfall_1pct_strategy_pnl_rebased": 0.41355377237193214,
    "expected_shortfall_1pct_usd": 0.41355377237193086,
    "exponential_fit_error_btc": 0.010056746642541345,
    "exponential_fit_error_usd": 0.0019178236247961481,
    "exponential_fit_error_w_btc": 0.004464345652706906,
    "exponential_fit_error_w_usd": 0.0005315158599989416,
    "exposure_mean_ratio_btc": 0.024376003661306992,
    "exposure_mean_ratio_usd": 0.017969990306614406,
    "exposure_mean_ratio_w_btc": 0.01390049067935505,
    "exposure_mean_ratio_w_usd": 0.015748853072134007,
    "exposure_ratio_btc": 0.002999076452164744,
    "exposure_ratio_usd": 0.0022109192106720544,
    "exposure_ratio_w_btc": 0.0015895178547530192,
    "exposure_ratio_w_usd": 0.0017199897569941992,
    "gain_btc": 3.776858674741569,
    "gain_per_exposure_long_btc": 2.517905783161046,
    "gain_per_exposure_long_usd": 1.7767255093770966,
    "gain_per_exposure_short_btc": 0.0,
    "gain_per_exposure_short_usd": 0.0,
    "gain_strategy_pnl_rebased": 2.6650882640656395,
    "gain_usd": 2.665088264065645,
    "hard_stop_duration_minutes_max": 0.0,
    "hard_stop_duration_minutes_mean": 0.0,
    "hard_stop_flatten_time_minutes_mean": 0.0,
    "hard_stop_halt_to_restart_equity_loss_pct": 0.0,
    "hard_stop_panic_close_loss_max": 0.0,
    "hard_stop_panic_close_loss_sum": 0.0,
    "hard_stop_post_restart_retrigger_pct": 0.0,
    "hard_stop_restarts": 0,
    "hard_stop_restarts_long": 0,
    "hard_stop_restarts_per_year": 0.0,
    "hard_stop_restarts_per_year_long": 0.0,
    "hard_stop_restarts_per_year_short": 0.0,
    "hard_stop_restarts_short": 0,
    "hard_stop_time_in_orange_pct": 0.0,
    "hard_stop_time_in_red_pct": 0.0,
    "hard_stop_time_in_yellow_pct": 0.0,
    "hard_stop_trigger_drawdown_mean": 0.0,
    "hard_stop_triggers": 0,
    "hard_stop_triggers_long": 0,
    "hard_stop_triggers_per_year": 0.0,
    "hard_stop_triggers_short": 0,
    "high_exposure_hours_max_long": 101.15,
    "high_exposure_hours_max_short": 0.0,
    "high_exposure_hours_mean_long": 7.28539755351682,
    "high_exposure_hours_mean_short": 0.0,
    "liquidated": false,
    "long_short_profit_ratio": 1.0,
    "loss_profit_ratio": 0.1287525881230875,
    "loss_profit_ratio_long": 0.1287525881230875,
    "loss_profit_ratio_short": 1.0,
    "loss_profit_ratio_w": 0.036131866136599924,
    "mdg_btc": 0.0004552696772192833,
    "mdg_per_exposure_long_btc": 0.0003035131181461889,
    "mdg_per_exposure_long_usd": 0.002059897800601124,
    "mdg_per_exposure_short_btc": 0.0,
    "mdg_per_exposure_short_usd": 0.0,
    "mdg_pnl": 0.003376141616520688,
    "mdg_pnl_w": 0.002347748705164487,
    "mdg_strategy_pnl_rebased": 0.00308984670090114,
    "mdg_strategy_pnl_rebased_w": 0.001961776774271336,
    "mdg_usd": 0.003089846700901686,
    "mdg_w_btc": -0.0002254076448303624,
    "mdg_w_per_exposure_long_btc": -0.0001502717632202416,
    "mdg_w_per_exposure_long_usd": 0.001307851182847601,
    "mdg_w_per_exposure_short_btc": 0.0,
    "mdg_w_per_exposure_short_usd": 0.0,
    "mdg_w_usd": 0.0019617767742714015,
    "omega_ratio_btc": 1.6188786683633554,
    "omega_ratio_strategy_pnl_rebased": 2.078773196975974,
    "omega_ratio_strategy_pnl_rebased_w": 2.7375030575474972,
    "omega_ratio_usd": 2.07877319697598,
    "omega_ratio_w_btc": 1.3152847505911205,
    "omega_ratio_w_usd": 2.737503057547504,
    "paper_loss_mean_ratio_btc": 0.1646952248134566,
    "paper_loss_mean_ratio_usd": 0.08336009686801296,
    "paper_loss_mean_ratio_w_btc": 0.3643299672559924,
    "paper_loss_mean_ratio_w_usd": 0.2673351664396689,
    "paper_loss_ratio_btc": 0.006852022723067106,
    "paper_loss_ratio_usd": 0.005424512854464958,
    "paper_loss_ratio_w_btc": 0.12388759119692032,
    "paper_loss_ratio_w_usd": 0.04261619283838324,
    "peak_recovery_hours_equity_btc": 1524.4,
    "peak_recovery_hours_equity_usd": 1006.2666666666667,
    "peak_recovery_hours_hsl": 1006.25,
    "peak_recovery_hours_hsl_long": 0.0,
    "peak_recovery_hours_hsl_short": 0.0,
    "peak_recovery_hours_pnl": 807.3333333333334,
    "pnl_ratio_long_short": 1.0,
    "position_held_hours_max": 116.03333333333333,
    "position_held_hours_mean": 6.500329877474081,
    "position_held_hours_median": 2.433333333333333,
    "position_unchanged_hours_max": 74.8,
    "positions_held_per_day": 3.586899870876864,
    "positions_held_per_day_w": 2.9310747773947057,
    "sharpe_ratio_btc": 0.0314068625918565,
    "sharpe_ratio_pnl": 0.36195247711830153,
    "sharpe_ratio_pnl_w": 0.9460228506489855,
    "sharpe_ratio_strategy_pnl_rebased": 0.028045143501711507,
    "sharpe_ratio_strategy_pnl_rebased_w": 0.11321219757233378,
    "sharpe_ratio_usd": 0.028045143501711705,
    "sharpe_ratio_w_btc": 0.07462444039577555,
    "sharpe_ratio_w_usd": 0.11321219757233666,
    "sortino_ratio_btc": 0.07231133090922656,
    "sortino_ratio_pnl": 0.1132453599400209,
    "sortino_ratio_pnl_w": 14.851185815612217,
    "sortino_ratio_strategy_pnl_rebased": 0.045027499727311834,
    "sortino_ratio_strategy_pnl_rebased_w": 0.09602410488300822,
    "sortino_ratio_usd": 0.04502749972731195,
    "sortino_ratio_w_btc": 0.09701916269924304,