{
    "adg_btc": 0.0048396941624702094,
    "adg_per_exposure_long_btc": 0.0032264627749801398,
    "adg_per_exposure_long_usd": 0.0022019598991616838,
    "adg_per_exposure_short_btc": 0.0,
    "adg_per_exposure_short_usd": 0.0,
    "adg_pnl": 0.0035406566273261026,
    "adg_pnl_w": 0.0035098185289903798,
    "adg_strategy_eq": 0.0033029398487425254,
    "adg_strategy_eq_w": 0.003078753441996951,
    "adg_usd": 0.0033029398487425254,
    "adg_w_btc": 0.006113659892676848,
    "adg_w_per_exposure_long_btc": 0.004075773261784565,
    "adg_w_per_exposure_long_usd": 0.002052502294664619,
    "adg_w_per_exposure_short_btc": 0.0,
    "adg_w_per_exposure_short_usd": 0.0,
    "adg_w_usd": 0.0030787534419969287,
    "backtest_completion_ratio": 1.0,
    "calmar_ratio_btc": 0.007052316041838056,
    "calmar_ratio_strategy_eq": 0.00512037714879642,
    "calmar_ratio_strategy_eq_w": 0.023597681401322585,
    "calmar_ratio_usd": 0.00512037714879642,
    "calmar_ratio_w_btc": 0.034104768635446384,
    "calmar_ratio_w_usd": 0.0236959443953434,
    "drawdown_worst_btc": 0.6862559950176074,
    "drawdown_worst_ema_strategy_eq": 0.0,
    "drawdown_worst_ema_strategy_eq_long": 0.0,
    "drawdown_worst_ema_strategy_eq_short": 0.0,
    "drawdown_worst_mean_1pct_btc": 0.4322384854044761,
    "drawdown_worst_mean_1pct_ema_strategy_eq": 0.0,
    "drawdown_worst_mean_1pct_ema_strategy_eq_long": 0.0,
    "drawdown_worst_mean_1pct_ema_strategy_eq_short": 0.0,
    "drawdown_worst_mean_1pct_strategy_eq": 0.41686460485165977,
    "drawdown_worst_mean_1pct_strategy_eq_long": 0.0,
    "drawdown_worst_mean_1pct_strategy_eq_short": 0.0,
    "drawdown_worst_mean_1pct_usd": 0.41686460485165994,
    "drawdown_worst_strategy_eq": 0.6450579230318814,
    "drawdown_worst_strategy_eq_long": 0.0,
    "drawdown_worst_strategy_eq_short": 0.0,
    "drawdown_worst_usd": 0.6450579230318814,
    "entry_initial_balance_pct_long": 0.0361155,
    "entry_initial_balance_pct_short": 0.0,
    "entry_interval_hours_max": 222.98333333333332,
    "entry_interval_hours_mean": 6.790260798696006,
    "entry_interval_hours_median": 2.6166666666666667,
    "entry_interval_hours_p95": 26.840000000000007,
    "entry_interval_hours_p99": 57.09566666666672,
    "equity_balance_diff_neg_max_btc": 0.6482526990483231,
    "equity_balance_diff_neg_max_usd": 0.6036741994379775,
    "equity_balance_diff_neg_mean_btc": 0.04371435854439033,
    "equity_balance_diff_neg_mean_usd": 0.03685252820064958,
    "equity_balance_diff_pos_max_btc": 0.7112078752325821,
    "equity_balance_diff_pos_max_usd": 0.2296101928592949,
    "equity_balance_diff_pos_mean_btc": 0.16854998596361753,
    "equity_balance_diff_pos_mean_usd": 0.08912713652085393,
    "equity_choppiness_btc": 3.9303776354279125,
    "equity_choppiness_usd": 2.888388001004907,
    "equity_choppiness_w_btc": 3.0382055322392203,
    "equity_choppiness_w_usd": 2.6778083798330536,
    "equity_jerkiness_btc": 0.02976283263927357,
    "equity_jerkiness_usd": 0.013028632933845253,
    "equity_jerkiness_w_btc": 0.026254265547389983,
    "equity_jerkiness_w_usd": 0.012699189506730772,
    "expected_shortfall_1pct_btc": 0.30668488324113435,
    "expected_shortfall_1pct_strategy_eq": 0.31682185058309137,
    "expected_shortfall_1pct_usd": 0.3168218505830915,
    "exponential_fit_error_btc": 0.013927370191645102,
    "exponential_fit_error_usd": 0.0024313225133400416,
    "exponential_fit_error_w_btc": 0.0077097740664351655,
    "exponential_fit_error_w_usd": 0.0009175736606009144,
    "exposure_mean_ratio_btc": 0.023488954147110608,
    "exposure_mean_ratio_usd": 0.016030476317986795,
    "exposure_mean_ratio_w_btc": 0.025815312661895018,
    "exposure_mean_ratio_w_usd": 0.012739512817961587,
    "exposure_ratio_btc": 0.0032258567450062165,
    "exposure_ratio_usd": 0.0022015463026650445,
    "exposure_ratio_w_btc": 0.004075024405174403,
    "exposure_ratio_w_usd": 0.0020521229608236624,
    "gain_btc": 5.366366935751627,
    "gain_per_exposure_long_btc": 3.577577957167751,
    "gain_per_exposure_long_usd": 2.1002657642864713,
    "gain_per_exposure_short_btc": 0.0,
    "gain_per_exposure_short_usd": 0.0,
    "gain_strategy_eq": 3.150398646429705,
    "gain_usd": 3.1503986464297067,
    "hard_stop_duration_minutes_max": 0.0,
    "hard_stop_duration_minutes_mean": 0.0,
    "hard_stop_flatten_time_minutes_mean": 0.0,
    "hard_stop_halt_to_restart_equity_loss_pct": 0.0,
    "hard_stop_panic_close_loss_max": 0.0,
    "hard_stop_panic_close_loss_sum": 0.0,
    "hard_stop_post_restart_retrigger_pct": 0.0,
    "hard_stop_restarts": 0,
    "hard_stop_restarts_long": 0,
    "hard_stop_restarts_per_year": 0.0,
    "hard_stop_restarts_per_year_long": 0.0,
    "hard_stop_restarts_per_year_short": 0.0,
    "hard_stop_restarts_short": 0,
    "hard_stop_time_in_orange_pct": 0.0,
    "hard_stop_time_in_red_pct": 0.0,
    "hard_stop_time_in_yellow_pct": 0.0,
    "hard_stop_trigger_drawdown_mean": 0.0,
    "hard_stop_triggers": 0,
    "hard_stop_triggers_long": 0,
    "hard_stop_triggers_per_year": 0.0,
    "hard_stop_triggers_short": 0,
    "high_exposure_days_max_long": 7.421527777777778,
    "high_exposure_days_max_short": 0.0,
    "high_exposure_days_mean_long": 0.3356707317073171,
    "high_exposure_days_mean_short": 0.0,
    "high_exposure_hours_max_long": 178.11666666666667,
    "high_exposure_hours_max_short": 0.0,
    "high_exposure_hours_mean_long": 8.05609756097561,
    "high_exposure_hours_mean_short": 0.0,
    "liquidated": false,
    "long_short_profit_ratio": 1.0,
    "loss_profit_ratio": 0.10801507268835954,
    "loss_profit_ratio_long": 0.10801507268835954,
    "loss_profit_ratio_short": 1.0,
    "loss_profit_ratio_w": 0.03282499089186543,
    "mdg_btc": 0.00045116868882321396,
    "mdg_per_exposure_long_btc": 0.00030077912588214264,
    "mdg_per_exposure_long_usd": 0.001985467470251148,
    "mdg_per_exposure_short_btc": 0.0,
    "mdg_per_exposure_short_usd": 0.0,
    "mdg_pnl": 0.0032417164023532895,
    "mdg_pnl_w": 0.002401125745443886,
    "mdg_strategy_eq": 0.0029782012053767193,
    "mdg_strategy_eq_w": 0.0023457465528493484,
    "mdg_usd": 0.002978201205376722,
    "mdg_w_btc": 0.0025366197327154707,
    "mdg_w_per_exposure_long_btc": 0.0016910798218103139,
    "mdg_w_per_exposure_long_usd": 0.0015638310352328944,
    "mdg_w_per_exposure_short_btc": 0.0,
    "mdg_w_per_exposure_short_usd": 0.0,
    "mdg_w_usd": 0.0023457465528493415,
    "omega_ratio_btc": 1.715383060903989,
    "omega_ratio_strategy_eq": 2.172431150410314,
    "omega_ratio_strategy_eq_w": 2.2772601960323575,
    "omega_ratio_usd": 2.172431150410316,
    "omega_ratio_w_btc": 2.230470441727558,
    "omega_ratio_w_usd": 2.277260196032354,
    "paper_loss_mean_ratio_btc": 0.11071177351385991,
    "paper_loss_mean_ratio_usd": 0.08962586856345736,
    "paper_loss_mean_ratio_w_btc": 0.19602948948518018,
    "paper_loss_mean_ratio_w_usd": 0.18497074387222592,
    "paper_loss_ratio_btc": 0.007465752428914209,
    "paper_loss_ratio_usd": 0.005471394755345802,
    "paper_loss_ratio_w_btc": 0.040812888989356214,
    "paper_loss_ratio_w_usd": 0.034939998453251325,
    "peak_recovery_days_equity_btc": 63.51666666666667,
    "peak_recovery_days_equity_usd": 41.773611111111116,
    "peak_recovery_days_pnl": 40.84166666666667,
    "peak_recovery_days_strategy_eq": 41.77361111111111,
    "peak_recovery_days_strategy_eq_long": 0.0,
    "peak_recovery_days_strategy_eq_short": 0.0,
    "peak_recovery_hours_equity_btc": 1524.4,
    "peak_recovery_hours_equity_usd": 1002.5666666666667,
    "peak_recovery_hours_pnl": 980.2,
    "peak_recovery_hours_strategy_eq": 1002.5666666666666,
    "peak_recovery_hours_strategy_eq_long": 0.0,
    "peak_recovery_hours_strategy_eq_short": 0.0,
    "pnl_ratio_long_short": 1.0,
    "position_held_days_max": 9.290277777777778,
    "position_held_days_mean": 0.2740804831704669,
    "position_held_days_median": 0.10069444444444443,
    "position_held_hours_max": 222.96666666666667,