{
    "adg_btc": 0.003311469118037591,
    "adg_per_exposure_long_btc": 0.0016557345590187955,
    "adg_per_exposure_long_usd": 0.0015680745317134814,
    "adg_per_exposure_short_btc": 0.0,
    "adg_per_exposure_short_usd": 0.0,
    "adg_pnl": 0.008426425397291947,
    "adg_pnl_w": 0.014329964496279688,
    "adg_strategy_eq": 0.003136149063426963,
    "adg_strategy_eq_w": 0.002975339490697415,
    "adg_usd": 0.003136149063426963,
    "adg_w_btc": 0.0038880115547167194,
    "adg_w_per_exposure_long_btc": 0.0019440057773583597,
    "adg_w_per_exposure_long_usd": 0.0014876697453487186,
    "adg_w_per_exposure_short_btc": 0.0,
    "adg_w_per_exposure_short_usd": 0.0,
    "adg_w_usd": 0.002975339490697437,
    "backtest_completion_ratio": 1.0,
    "calmar_ratio_btc": 0.13809203305884793,
    "calmar_ratio_strategy_eq": 0.13078098714110215,
    "calmar_ratio_strategy_eq_w": 0.2671946110228379,
    "calmar_ratio_usd": 0.1307809871411021,
    "calmar_ratio_w_btc": 0.37663669879878187,
    "calmar_ratio_w_usd": 0.27163407151175456,
    "drawdown_worst_btc": 0.02398016051097175,
    "drawdown_worst_ema_strategy_eq": 0.0,
    "drawdown_worst_ema_strategy_eq_long": 0.0,
    "drawdown_worst_ema_strategy_eq_short": 0.0,
    "drawdown_worst_mean_1pct_btc": 0.02398016051097175,
    "drawdown_worst_mean_1pct_ema_strategy_eq": 0.0,
    "drawdown_worst_mean_1pct_ema_strategy_eq_long": 0.0,
    "drawdown_worst_mean_1pct_ema_strategy_eq_short": 0.0,
    "drawdown_worst_mean_1pct_strategy_eq": 0.02398016051097176,
    "drawdown_worst_mean_1pct_strategy_eq_long": 0.0,
    "drawdown_worst_mean_1pct_strategy_eq_short": 0.0,
    "drawdown_worst_mean_1pct_usd": 0.02398016051097177,
    "drawdown_worst_strategy_eq": 0.02398016051097176,
    "drawdown_worst_strategy_eq_long": 0.0,
    "drawdown_worst_strategy_eq_short": 0.0,
    "drawdown_worst_usd": 0.02398016051097177,
    "entry_initial_balance_pct_long": 0.7361876064,
    "entry_initial_balance_pct_short": 0.0,
    "entry_interval_hours_max": 287.85,
    "entry_interval_hours_mean": 112.62424242424242,
    "entry_interval_hours_median": 63.88333333333333,
    "entry_interval_hours_p95": 272.325,
    "entry_interval_hours_p99": 284.745,
    "equity_balance_diff_neg_max_btc": 0.016306282584067522,
    "equity_balance_diff_neg_max_usd": 0.01630628258406744,
    "equity_balance_diff_neg_mean_btc": 0.00486456111395465,
    "equity_balance_diff_neg_mean_usd": 0.004864561113954652,
    "equity_balance_diff_pos_max_btc": 0.07381508930250008,
    "equity_balance_diff_pos_max_usd": 0.04451642108987664,
    "equity_balance_diff_pos_mean_btc": 0.0165051976020908,
    "equity_balance_diff_pos_mean_usd": 0.015786517880047077,
    "equity_choppiness_btc": 1.2753757481129737,
    "equity_choppiness_usd": 1.3190611698866808,
    "equity_choppiness_w_btc": 1.0804205656644406,
    "equity_choppiness_w_usd": 1.1034538171123134,
    "equity_jerkiness_btc": 0.008085087523692212,
    "equity_jerkiness_usd": 0.0075497336288047265,
    "equity_jerkiness_w_btc": 0.012506002902745195,
    "equity_jerkiness_w_usd": 0.008952859236955537,
    "expected_shortfall_1pct_btc": 0.009972445762258766,
    "expected_shortfall_1pct_strategy_eq": 0.00997244576225832,
    "expected_shortfall_1pct_usd": 0.009972445762258739,
    "exponential_fit_error_btc": 0.00011986016329159453,
    "exponential_fit_error_usd": 7.978673898452903e-05,
    "exponential_fit_error_w_btc": 0.00023947717682282825,
    "exponential_fit_error_w_usd": 8.694086666639165e-05,
    "exposure_mean_ratio_btc": 0.005388588303483456,
    "exposure_mean_ratio_usd": 0.005103298735027276,
    "exposure_mean_ratio_w_btc": 0.01618850353407539,
    "exposure_mean_ratio_w_usd": 0.011432397337065973,
    "exposure_ratio_btc": 0.0016557357205471389,
    "exposure_ratio_usd": 0.0015680756317466983,
    "exposure_ratio_w_btc": 0.0019459156195809472,
    "exposure_ratio_w_usd": 0.0014890115202354233,
    "gain_btc": 1.1994101632390464,
    "gain_per_exposure_long_btc": 0.5997050816195232,
    "gain_per_exposure_long_usd": 0.5939685588491788,
    "gain_per_exposure_short_btc": 0.0,
    "gain_per_exposure_short_usd": 0.0,
    "gain_strategy_eq": 1.1879371176983593,
    "gain_usd": 1.1879371176983575,
    "hard_stop_duration_minutes_max": 0.0,
    "hard_stop_duration_minutes_mean": 0.0,
    "hard_stop_flatten_time_minutes_mean": 0.0,
    "hard_stop_halt_to_restart_equity_loss_pct": 0.0,
    "hard_stop_panic_close_loss_max": 0.0,
    "hard_stop_panic_close_loss_sum": 0.0,
    "hard_stop_post_restart_retrigger_pct": 0.0,
    "hard_stop_restarts": 0,
    "hard_stop_restarts_long": 0,
    "hard_stop_restarts_per_year": 0.0,
    "hard_stop_restarts_per_year_long": 0.0,
    "hard_stop_restarts_per_year_short": 0.0,
    "hard_stop_restarts_short": 0,
    "hard_stop_time_in_orange_pct": 0.0,
    "hard_stop_time_in_red_pct": 0.0,
    "hard_stop_time_in_yellow_pct": 0.0,
    "hard_stop_trigger_drawdown_mean": 0.0,
    "hard_stop_triggers": 0,
    "hard_stop_triggers_long": 0,
    "hard_stop_triggers_per_year": 0.0,
    "hard_stop_triggers_short": 0,
    "high_exposure_days_max_long": 6.0,
    "high_exposure_days_max_short": 0.0,
    "high_exposure_days_mean_long": 1.5276175213675212,
    "high_exposure_days_mean_short": 0.0,
    "high_exposure_hours_max_long": 144.0,
    "high_exposure_hours_max_short": 0.0,
    "high_exposure_hours_mean_long": 36.66282051282051,
    "high_exposure_hours_mean_short": 0.0,
    "liquidated": false,
    "long_short_profit_ratio": 1.0,
    "loss_profit_ratio": 0.04963786856870556,
    "loss_profit_ratio_long": 0.04963786856870556,
    "loss_profit_ratio_short": 1.0,
    "loss_profit_ratio_w": 0.024848630447083526,
    "mdg_btc": 0.0,
    "mdg_per_exposure_long_btc": 0.0,
    "mdg_per_exposure_long_usd": 0.0,
    "mdg_per_exposure_short_btc": 0.0,
    "mdg_per_exposure_short_usd": 0.0,
    "mdg_pnl": 0.0055643784574580645,
    "mdg_pnl_w": 0.01084935596481371,
    "mdg_strategy_eq": 0.0,
    "mdg_strategy_eq_w": 8.8704805668054e-05,
    "mdg_usd": 0.0,
    "mdg_w_btc": 8.870480566805497e-05,
    "mdg_w_per_exposure_long_btc": 4.4352402834027486e-05,
    "mdg_w_per_exposure_long_usd": 4.435240283403196e-05,
    "mdg_w_per_exposure_short_btc": 0.0,
    "mdg_w_per_exposure_short_usd": 0.0,
    "mdg_w_usd": 8.870480566806392e-05,
    "omega_ratio_btc": 8.191800286845424,
    "omega_ratio_strategy_eq": 7.266607762811095,
    "omega_ratio_strategy_eq_w": 100.7835556720472,
    "omega_ratio_usd": 7.266607762810992,
    "omega_ratio_w_btc": 156.73142062281573,
    "omega_ratio_w_usd": 100.78355567204696,
    "paper_loss_mean_ratio_btc": 0.6807333776809166,
    "paper_loss_mean_ratio_usd": 0.644693116184828,
    "paper_loss_mean_ratio_w_btc": 359591978.0046102,
    "paper_loss_mean_ratio_w_usd": 263176522.00312367,
    "paper_loss_ratio_btc": 0.20307934079795403,
    "paper_loss_ratio_usd": 0.192327653299179,
    "paper_loss_ratio_w_btc": 359591972.4188253,
    "paper_loss_ratio_w_usd": 263176518.21240956,
    "peak_recovery_days_equity_btc": 5.1090277777777775,
    "peak_recovery_days_equity_usd": 5.1090277777777775,
    "peak_recovery_days_pnl": 10.0875,
    "peak_recovery_days_strategy_eq": 9.925,
    "peak_recovery_days_strategy_eq_long": 0.0,
    "peak_recovery_days_strategy_eq_short": 0.0,
    "peak_recovery_hours_equity_btc": 122.61666666666666,
    "peak_recovery_hours_equity_usd": 122.61666666666666,
    "peak_recovery_hours_pnl": 242.1,
    "peak_recovery_hours_strategy_eq": 238.20000000000002,
    "peak_recovery_hours_strategy_eq_long": 0.0,
    "peak_recovery_hours_strategy_eq_short": 0.0,
    "pnl_ratio_long_short": 1.0,
    "position_held_days_max": 6.0,
    "position_held_days_mean": 1.7708333333333333,
    "position_held_days_median": 1.1569444444444443,
    "position_held_hours_max": 144.0,
    "position_held_hours_mean": 42.5,
    "position_held_hours_median": 27.766666666666666,
    "position_unchanged_days_max": 3.9916666666666667,
    "position_unchanged_hours_max": 95.8,