{
    "adg_btc": 0.007231893204594053,
    "adg_per_exposure_long_btc": 0.0036159466022970266,
    "adg_per_exposure_long_usd": 0.002503743591979246,
    "adg_per_exposure_short_btc": 0.0036159466022970266,
    "adg_per_exposure_short_usd": 0.002503743591979246,
    "adg_pnl": 0.018752051371306283,
    "adg_pnl_w": 0.014116765980736306,
    "adg_strategy_eq": 0.005007487183958492,
    "adg_strategy_eq_w": 0.001411683379886086,
    "adg_usd": 0.005007487183958492,
    "adg_w_btc": 0.0077323245860308806,
    "adg_w_per_exposure_long_btc": 0.0038661622930154403,
    "adg_w_per_exposure_long_usd": 0.0007058416899430542,
    "adg_w_per_exposure_short_btc": 0.0038661622930154403,
    "adg_w_per_exposure_short_usd": 0.0007058416899430542,
    "adg_w_usd": 0.0014116833798861084,
    "backtest_completion_ratio": 1.0,
    "calmar_ratio_btc": 0.053070260158670286,
    "calmar_ratio_strategy_eq": 0.04349433386198117,
    "calmar_ratio_strategy_eq_w": 0.0748226086215907,
    "calmar_ratio_usd": 0.04349433386198115,
    "calmar_ratio_w_btc": 0.4026861757392922,
    "calmar_ratio_w_usd": 0.07482260862159387,
    "drawdown_worst_btc": 0.136270166812298,
    "drawdown_worst_ema_strategy_eq": 0.07062206566665642,
    "drawdown_worst_ema_strategy_eq_long": 0.07062206566665642,
    "drawdown_worst_ema_strategy_eq_short": 0.06341414323856834,
    "drawdown_worst_mean_1pct_btc": 0.136270166812298,
    "drawdown_worst_mean_1pct_ema_strategy_eq": 0.04936431599310569,
    "drawdown_worst_mean_1pct_ema_strategy_eq_long": 0.04863910468766161,
    "drawdown_worst_mean_1pct_ema_strategy_eq_short": 0.04936431599310569,
    "drawdown_worst_mean_1pct_strategy_eq": 0.11512964423937497,
    "drawdown_worst_mean_1pct_strategy_eq_long": 0.11512964423937502,
    "drawdown_worst_mean_1pct_strategy_eq_short": 0.11512964423937502,
    "drawdown_worst_mean_1pct_usd": 0.11512964423937502,
    "drawdown_worst_strategy_eq": 0.11512964423937497,
    "drawdown_worst_strategy_eq_long": 0.11512964423937502,
    "drawdown_worst_strategy_eq_short": 0.11512964423937502,
    "drawdown_worst_usd": 0.11512964423937502,
    "entry_initial_balance_pct_long": 0.5354604,
    "entry_initial_balance_pct_short": 0.1636129,
    "entry_interval_hours_max": 1554.6833333333334,
    "entry_interval_hours_mean": 113.62816091954024,
    "entry_interval_hours_median": 18.25,
    "entry_interval_hours_p95": 557.9408333333332,
    "entry_interval_hours_p99": 1126.860333333333,
    "equity_balance_diff_neg_max_btc": 0.06421308551678044,
    "equity_balance_diff_neg_max_usd": 0.061840987224395766,
    "equity_balance_diff_neg_mean_btc": 0.03895148470254925,
    "equity_balance_diff_neg_mean_usd": 0.026830015658735783,
    "equity_balance_diff_pos_max_btc": 1.023765238679806,
    "equity_balance_diff_pos_max_usd": 0.46634810119689935,
    "equity_balance_diff_pos_mean_btc": 0.2262918810814397,
    "equity_balance_diff_pos_mean_usd": 0.1132448542665339,
    "equity_choppiness_btc": 2.0100925932192855,
    "equity_choppiness_usd": 1.2968696011237741,
    "equity_choppiness_w_btc": 1.4842188151750675,
    "equity_choppiness_w_usd": 1.0784934878961725,
    "equity_jerkiness_btc": 0.021441133844994645,
    "equity_jerkiness_usd": 0.00992570690492121,
    "equity_jerkiness_w_btc": 0.019149444107771967,
    "equity_jerkiness_w_usd": 0.003157694210384739,
    "expected_shortfall_1pct_btc": 0.1268607751236715,
    "expected_shortfall_1pct_strategy_eq": 0.04434828249317888,
    "expected_shortfall_1pct_usd": 0.04434828249317911,
    "exponential_fit_error_btc": 0.032068722464170765,
    "exponential_fit_error_usd": 0.008780331407753467,
    "exponential_fit_error_w_btc": 0.006314875020549419,
    "exponential_fit_error_w_usd": 0.0009361684394648548,
    "exposure_mean_ratio_btc": 0.028024311508954083,
    "exposure_mean_ratio_usd": 0.019404515076522796,
    "exposure_mean_ratio_w_btc": 0.568304482253518,
    "exposure_mean_ratio_w_usd": 0.08253294689974386,
    "exposure_ratio_btc": 0.003605374316926681,
    "exposure_ratio_usd": 0.0024964231598324426,
    "exposure_ratio_w_btc": 0.0038646811169450886,
    "exposure_ratio_w_usd": 0.0007049347145152629,
    "gain_btc": 3.099749644803498,
    "gain_per_exposure_long_btc": 1.549874822401749,
    "gain_per_exposure_long_usd": 1.0953418123989187,
    "gain_per_exposure_short_btc": 1.549874822401749,
    "gain_per_exposure_short_usd": 1.0953418123989187,
    "gain_strategy_eq": 2.1906836247978347,
    "gain_usd": 2.1906836247978374,
    "hard_stop_duration_minutes_max": 240.0,
    "hard_stop_duration_minutes_mean": 240.0,
    "hard_stop_flatten_time_minutes_mean": 2.0,
    "hard_stop_halt_to_restart_equity_loss_pct": 0.0,
    "hard_stop_panic_close_loss_max": 69.14806797536787,
    "hard_stop_panic_close_loss_sum": 69.14806797536787,
    "hard_stop_post_restart_retrigger_pct": 0.0,
    "hard_stop_restarts": 1,
    "hard_stop_restarts_long": 1,
    "hard_stop_restarts_per_year": 2.3394923893994255,
    "hard_stop_restarts_per_year_long": 2.3394923893994255,
    "hard_stop_restarts_per_year_short": 0.0,
    "hard_stop_restarts_short": 0,
    "hard_stop_time_in_orange_pct": 0.0010097011373593869,
    "hard_stop_time_in_red_pct": 0.0010808694994640133,
    "hard_stop_time_in_yellow_pct": 0.01349530066408978,
    "hard_stop_trigger_drawdown_mean": 0.08798657666012877,
    "hard_stop_triggers": 1,
    "hard_stop_triggers_long": 1,
    "hard_stop_triggers_per_year": 2.3394923893994255,
    "hard_stop_triggers_short": 0,
    "high_exposure_days_max_long": 7.185416666666666,
    "high_exposure_days_max_short": 0.813888888888889,
    "high_exposure_days_mean_long": 0.5215811965811966,
    "high_exposure_days_mean_short": 0.16974206349206347,
    "high_exposure_hours_max_long": 172.45,
    "high_exposure_hours_max_short": 19.533333333333335,
    "high_exposure_hours_mean_long": 12.517948717948718,
    "high_exposure_hours_mean_short": 4.0738095238095235,
    "liquidated": false,
    "long_short_profit_ratio": 0.6575762054751702,
    "loss_profit_ratio": 0.06483542731153984,
    "loss_profit_ratio_long": 0.08368938584463088,
    "loss_profit_ratio_short": 0.026363971516560135,
    "loss_profit_ratio_w": 0.013470153340818738,
    "mdg_btc": 0.0,
    "mdg_per_exposure_long_btc": 0.0,
    "mdg_per_exposure_long_usd": 0.0,
    "mdg_per_exposure_short_btc": 0.0,
    "mdg_per_exposure_short_usd": 0.0,
    "mdg_pnl": 0.008777825057315947,
    "mdg_pnl_w": 0.013139108396903123,
    "mdg_strategy_eq": 0.0,
    "mdg_strategy_eq_w": 0.0,
    "mdg_usd": 0.0,
    "mdg_w_btc": 0.0,
    "mdg_w_per_exposure_long_btc": 0.0,
    "mdg_w_per_exposure_long_usd": 0.0,
    "mdg_w_per_exposure_short_btc": 0.0,
    "mdg_w_per_exposure_short_usd": 0.0,
    "mdg_w_usd": 0.0,
    "omega_ratio_btc": 3.635415169028988,
    "omega_ratio_strategy_eq": 8.572797854712904,
    "omega_ratio_strategy_eq_w": 801.3527766683707,
    "omega_ratio_usd": 8.572797854712917,
    "omega_ratio_w_btc": 501.93808304090214,
    "omega_ratio_w_usd": 801.3527766683707,
    "paper_loss_mean_ratio_btc": 0.1856641219152488,
    "paper_loss_mean_ratio_usd": 0.1866375050857664,
    "paper_loss_mean_ratio_w_btc": 1247468448.9739013,
    "paper_loss_mean_ratio_w_usd": 369078884.71159804,
    "paper_loss_ratio_btc": 0.11262335622704478,
    "paper_loss_ratio_usd": 0.08097359710297573,
    "paper_loss_ratio_w_btc": 1247468448.966081,
    "paper_loss_ratio_w_usd": 369078884.57301867,
    "peak_recovery_days_equity_btc": 64.82152777777777,
    "peak_recovery_days_equity_usd": 33.38611111111111,
    "peak_recovery_days_pnl": 33.38611111111111,
    "peak_recovery_days_strategy_eq": 33.38611111111111,
    "peak_recovery_days_strategy_eq_long": 33.38611111111111,
    "peak_recovery_days_strategy_eq_short": 33.38611111111111,
    "peak_recovery_hours_equity_btc": 1555.7166666666667,
    "peak_recovery_hours_equity_usd": 801.2666666666667,
    "peak_recovery_hours_pnl": 801.2666666666667,
    "peak_recovery_hours_strategy_eq": 801.2666666666667,