{
    "adg_btc": 0.009648723845376628,
    "adg_per_exposure_long_btc": 0.005675719909045075,
    "adg_per_exposure_long_usd": 0.005317051018103837,
    "adg_per_exposure_short_btc": 0.0,
    "adg_per_exposure_short_usd": 0.0,
    "adg_pnl": 0.009158324300161069,
    "adg_pnl_w": 0.0062618833867491884,
    "adg_strategy_eq": 0.009038986730776521,
    "adg_strategy_eq_w": 0.005241663756900272,
    "adg_usd": 0.009038986730776521,
    "adg_w_btc": 0.0045428562233530865,
    "adg_w_per_exposure_long_btc": 0.0026722683666782865,
    "adg_w_per_exposure_long_usd": 0.0030833316217060425,
    "adg_w_per_exposure_short_btc": 0.0,
    "adg_w_per_exposure_short_usd": 0.0,
    "adg_w_usd": 0.005241663756900272,
    "backtest_completion_ratio": 1.0,
    "calmar_ratio_btc": 0.04198075206385042,
    "calmar_ratio_strategy_eq": 0.041464275766975166,
    "calmar_ratio_strategy_eq_w": 0.03353378062696258,
    "calmar_ratio_usd": 0.0414642757669752,
    "calmar_ratio_w_btc": 0.01978380835083818,
    "calmar_ratio_w_usd": 0.034010572315403095,
    "drawdown_worst_btc": 0.22983685072390908,
    "drawdown_worst_ema_strategy_eq": 0.04569179239987961,
    "drawdown_worst_ema_strategy_eq_long": 0.04569179239987961,
    "drawdown_worst_ema_strategy_eq_short": 0.0,
    "drawdown_worst_mean_1pct_btc": 0.22032375810522975,
    "drawdown_worst_mean_1pct_ema_strategy_eq": 0.042790353053381955,
    "drawdown_worst_mean_1pct_ema_strategy_eq_long": 0.042790353053381955,
    "drawdown_worst_mean_1pct_ema_strategy_eq_short": 0.0,
    "drawdown_worst_mean_1pct_strategy_eq": 0.20520883834508993,
    "drawdown_worst_mean_1pct_strategy_eq_long": 0.20520883834508985,
    "drawdown_worst_mean_1pct_strategy_eq_short": 0.0,
    "drawdown_worst_mean_1pct_usd": 0.2052088383450899,
    "drawdown_worst_strategy_eq": 0.2179945643226634,
    "drawdown_worst_strategy_eq_long": 0.21799456432266323,
    "drawdown_worst_strategy_eq_short": 0.0,
    "drawdown_worst_usd": 0.21799456432266323,
    "entry_initial_balance_pct_long": 0.052155999999999994,
    "entry_initial_balance_pct_short": 0.0,
    "entry_interval_hours_max": 130.51666666666668,
    "entry_interval_hours_mean": 15.892585034013605,
    "entry_interval_hours_median": 8.85,
    "entry_interval_hours_p95": 56.403333333333315,
    "entry_interval_hours_p99": 88.81399999999998,
    "equity_balance_diff_neg_max_btc": 0.1676625027340549,
    "equity_balance_diff_neg_max_usd": 0.14333354349640987,
    "equity_balance_diff_neg_mean_btc": 0.04707761616396894,
    "equity_balance_diff_neg_mean_usd": 0.038392315422639246,
    "equity_balance_diff_pos_max_btc": 1.1265599216486903,
    "equity_balance_diff_pos_max_usd": 0.8469332003840396,
    "equity_balance_diff_pos_mean_btc": 0.2266879309278189,
    "equity_balance_diff_pos_mean_usd": 0.19547054827322355,
    "equity_choppiness_btc": 3.4454479823947057,
    "equity_choppiness_usd": 3.452115468156002,
    "equity_choppiness_w_btc": 14.040221757015946,
    "equity_choppiness_w_usd": 5.034155753565854,
    "equity_jerkiness_btc": 0.03880807827165667,
    "equity_jerkiness_usd": 0.035105084748211134,
    "equity_jerkiness_w_btc": 0.028970423701013926,
    "equity_jerkiness_w_usd": 0.025478633294357688,
    "expected_shortfall_1pct_btc": 0.11882885513929702,
    "expected_shortfall_1pct_strategy_eq": 0.11363048758269095,
    "expected_shortfall_1pct_usd": 0.1136304875826909,
    "exponential_fit_error_btc": 0.05862933181474224,
    "exponential_fit_error_usd": 0.08769181246141532,
    "exponential_fit_error_w_btc": 0.018357491729459278,
    "exponential_fit_error_w_usd": 0.01433974221107343,
    "exposure_mean_ratio_btc": 0.020622807638809547,
    "exposure_mean_ratio_usd": 0.019319579209210944,
    "exposure_mean_ratio_w_btc": 0.009887308004413429,
    "exposure_mean_ratio_w_usd": 0.011659586806851025,
    "exposure_ratio_btc": 0.005675439317736248,
    "exposure_ratio_usd": 0.005316788158355967,
    "exposure_ratio_w_btc": 0.003204609542941816,
    "exposure_ratio_w_usd": 0.0038824041452718188,
    "gain_btc": 108.41933345596385,
    "gain_per_exposure_long_btc": 63.77607850350815,
    "gain_per_exposure_long_usd": 47.49293656838699,
    "gain_per_exposure_short_btc": 0.0,
    "gain_per_exposure_short_usd": 0.0,
    "gain_strategy_eq": 80.73799216625775,
    "gain_usd": 80.73799216625788,
    "hard_stop_duration_minutes_max": 60.0,
    "hard_stop_duration_minutes_mean": 60.0,
    "hard_stop_flatten_time_minutes_mean": 2.0784313725490198,
    "hard_stop_halt_to_restart_equity_loss_pct": 0.0,
    "hard_stop_panic_close_loss_max": 4476.737239419855,
    "hard_stop_panic_close_loss_sum": 74330.59024902321,
    "hard_stop_post_restart_retrigger_pct": 0.0196078431372549,
    "hard_stop_restarts": 51,
    "hard_stop_restarts_long": 51,
    "hard_stop_restarts_per_year": 38.23440702656628,
    "hard_stop_restarts_per_year_long": 38.23440702656628,
    "hard_stop_restarts_per_year_short": 0.0,
    "hard_stop_restarts_short": 0,
    "hard_stop_time_in_orange_pct": 0.02828382748903526,
    "hard_stop_time_in_red_pct": 0.004585449429633948,
    "hard_stop_time_in_yellow_pct": 0.0580814091882885,
    "hard_stop_trigger_drawdown_mean": 0.08220118558718692,
    "hard_stop_triggers": 51,
    "hard_stop_triggers_long": 51,
    "hard_stop_triggers_per_year": 38.23440702656628,
    "hard_stop_triggers_short": 0,
    "high_exposure_days_max_long": 4.048611111111112,
    "high_exposure_days_max_short": 0.0,
    "high_exposure_days_mean_long": 0.6454421475739306,
    "high_exposure_days_mean_short": 0.0,
    "high_exposure_hours_max_long": 97.16666666666667,
    "high_exposure_hours_max_short": 0.0,
    "high_exposure_hours_mean_long": 15.490611541774333,
    "high_exposure_hours_mean_short": 0.0,
    "liquidated": false,
    "long_short_profit_ratio": 1.0,
    "loss_profit_ratio": 0.49629986651743546,
    "loss_profit_ratio_long": 0.49629986651743546,
    "loss_profit_ratio_short": 1.0,
    "loss_profit_ratio_w": 0.48752124540250497,
    "mdg_btc": 0.006447883059076122,
    "mdg_per_exposure_long_btc": 0.0037928723876918366,
    "mdg_per_exposure_long_usd": 0.005808566721075744,
    "mdg_per_exposure_short_btc": 0.0,
    "mdg_per_exposure_short_usd": 0.0,
    "mdg_pnl": 0.014040411217677002,
    "mdg_pnl_w": 0.005179673588681411,
    "mdg_strategy_eq": 0.009874563425828759,
    "mdg_strategy_eq_w": 0.004041583978511719,
    "mdg_usd": 0.009874563425828764,
    "mdg_w_btc": 0.0019327959032437072,
    "mdg_w_per_exposure_long_btc": 0.0011369387666139454,
    "mdg_w_per_exposure_long_usd": 0.002377402340301009,
    "mdg_w_per_exposure_short_btc": 0.0,
    "mdg_w_per_exposure_short_usd": 0.0,
    "mdg_w_usd": 0.004041583978511715,
    "omega_ratio_btc": 2.2244718967701234,
    "omega_ratio_strategy_eq": 2.147535441043592,
    "omega_ratio_strategy_eq_w": 1.7795562997558947,
    "omega_ratio_usd": 2.147535441043594,
    "omega_ratio_w_btc": 1.6011075194115363,
    "omega_ratio_w_usd": 1.779556299755899,
    "paper_loss_mean_ratio_btc": 0.20495353485551634,
    "paper_loss_mean_ratio_usd": 0.23543739499093602,
    "paper_loss_mean_ratio_w_btc": 0.4776233504479642,
    "paper_loss_mean_ratio_w_usd": 0.7704438456511967,
    "paper_loss_ratio_btc": 0.05754848990105657,
    "paper_loss_ratio_usd": 0.06306260565589746,
    "paper_loss_ratio_w_btc": 0.11512144857402414,
    "paper_loss_ratio_w_usd": 0.1669228498693574,
    "peak_recovery_days_equity_btc": 26.045833333333334,
    "peak_recovery_days_equity_usd": 33.39930555555556,
    "peak_recovery_days_pnl": 33.268055555555556,
    "peak_recovery_days_strategy_eq": 33.39930555555556,
    "peak_recovery_days_strategy_eq_long": 33.235416666666666,
    "peak_recovery_days_strategy_eq_short": 0.0,
    "peak_recovery_hours_equity_btc": 625.1,
    "peak_recovery_hours_equity_usd": 801.5833333333334,
    "peak_recovery_hours_pnl": 798.4333333333333,
    "peak_recovery_hours_strategy_eq": 801.5833333333334,
    "peak_recovery_hours_strategy_eq_long": 797.65,