{
    "adg_btc": 0.0018830029846352847,
    "adg_per_exposure_long_btc": 0.0009415014923176424,
    "adg_per_exposure_long_usd": 0.0006515307138322823,
    "adg_per_exposure_short_btc": 0.0,
    "adg_per_exposure_short_usd": 0.0,
    "adg_pnl": 0.007412345163472747,
    "adg_pnl_w": 0.0029698702093698885,
    "adg_strategy_eq": 0.0013030614276645647,
    "adg_strategy_eq_w": 0.003487029748915682,
    "adg_usd": 0.0013030614276645647,
    "adg_w_btc": 0.0014716376384486195,
    "adg_w_per_exposure_long_btc": 0.0007358188192243098,
    "adg_w_per_exposure_long_usd": 0.0003117261555510509,
    "adg_w_per_exposure_short_btc": 0.0,
    "adg_w_per_exposure_short_usd": 0.0,
    "adg_w_usd": 0.0006234523111021018,
    "backtest_completion_ratio": 1.0,
    "calmar_ratio_btc": 0.0027965435928540322,
    "calmar_ratio_strategy_eq": 0.0027565552931516474,
    "calmar_ratio_strategy_eq_w": 0.00917965843690444,
    "calmar_ratio_usd": 0.002756555293151649,
    "calmar_ratio_w_btc": 0.003055014710925359,
    "calmar_ratio_w_usd": 0.001318879318894647,
    "drawdown_worst_btc": 0.6733322482248785,
    "drawdown_worst_ema_strategy_eq": 0.0,
    "drawdown_worst_ema_strategy_eq_long": 0.0,
    "drawdown_worst_ema_strategy_eq_short": 0.0,
    "drawdown_worst_mean_1pct_btc": 0.6344597728907193,
    "drawdown_worst_mean_1pct_ema_strategy_eq": 0.0,
    "drawdown_worst_mean_1pct_ema_strategy_eq_long": 0.0,
    "drawdown_worst_mean_1pct_ema_strategy_eq_short": 0.0,
    "drawdown_worst_mean_1pct_strategy_eq": 0.41467547878999944,
    "drawdown_worst_mean_1pct_strategy_eq_long": 0.0,
    "drawdown_worst_mean_1pct_strategy_eq_short": 0.0,
    "drawdown_worst_mean_1pct_usd": 0.4146754787899992,
    "drawdown_worst_strategy_eq": 0.4727136912152187,
    "drawdown_worst_strategy_eq_long": 0.0,
    "drawdown_worst_strategy_eq_short": 0.0,
    "drawdown_worst_usd": 0.47271369121521845,
    "entry_initial_balance_pct_long": 0.3321788576,
    "entry_initial_balance_pct_short": 0.0,
    "entry_interval_hours_max": 1962.0666666666666,
    "entry_interval_hours_mean": 126.9921875,
    "entry_interval_hours_median": 12.383333333333333,
    "entry_interval_hours_p95": 665.4741666666647,
    "entry_interval_hours_p99": 1741.8606666666658,
    "equity_balance_diff_neg_max_btc": 0.3295232763741323,
    "equity_balance_diff_neg_max_usd": 0.11285531715282968,
    "equity_balance_diff_neg_mean_btc": 0.10719172533292828,
    "equity_balance_diff_neg_mean_usd": 0.02702478785855721,
    "equity_balance_diff_pos_max_btc": 1.3315816203280528,
    "equity_balance_diff_pos_max_usd": 0.792351170531297,
    "equity_balance_diff_pos_mean_btc": 0.5092506969648432,
    "equity_balance_diff_pos_mean_usd": 0.26051409923785424,
    "equity_choppiness_btc": 9.727797843837449,
    "equity_choppiness_usd": 13.156701669105834,
    "equity_choppiness_w_btc": 3.02660765651152,
    "equity_choppiness_w_usd": 6.078320328898049,
    "equity_jerkiness_btc": 0.03414452737169488,
    "equity_jerkiness_usd": 0.027992143230533364,
    "equity_jerkiness_w_btc": 0.01722217260936814,
    "equity_jerkiness_w_usd": 0.014613903784160009,
    "expected_shortfall_1pct_btc": 0.19052299214698976,
    "expected_shortfall_1pct_strategy_eq": 0.1684098532830574,
    "expected_shortfall_1pct_usd": 0.16840985328305738,
    "exponential_fit_error_btc": 0.028696732458698426,
    "exponential_fit_error_usd": 0.01003030611583805,
    "exponential_fit_error_w_btc": 0.007946363213337262,
    "exponential_fit_error_w_usd": 0.006007993994987742,
    "exposure_mean_ratio_btc": 0.0010149967288830477,
    "exposure_mean_ratio_usd": 0.0007023903293862169,
    "exposure_mean_ratio_w_btc": 0.0007662387221251816,
    "exposure_mean_ratio_w_usd": 0.0003256579300940646,
    "exposure_ratio_btc": 0.0009409779804764978,
    "exposure_ratio_usd": 0.0006511684371430325,
    "exposure_ratio_w_btc": 0.0007356721599424991,
    "exposure_ratio_w_usd": 0.00031165368824693964,
    "gain_btc": 2.279553914574016,
    "gain_per_exposure_long_btc": 1.139776957287008,
    "gain_per_exposure_long_usd": 0.8844601609192303,
    "gain_per_exposure_short_btc": 0.0,
    "gain_per_exposure_short_usd": 0.0,
    "gain_strategy_eq": 1.76892032183846,
    "gain_usd": 1.7689203218384606,
    "hard_stop_duration_minutes_max": 0.0,
    "hard_stop_duration_minutes_mean": 0.0,
    "hard_stop_flatten_time_minutes_mean": 0.0,
    "hard_stop_halt_to_restart_equity_loss_pct": 0.0,
    "hard_stop_panic_close_loss_max": 0.0,
    "hard_stop_panic_close_loss_sum": 0.0,
    "hard_stop_post_restart_retrigger_pct": 0.0,
    "hard_stop_restarts": 0,
    "hard_stop_restarts_long": 0,
    "hard_stop_restarts_per_year": 0.0,
    "hard_stop_restarts_per_year_long": 0.0,
    "hard_stop_restarts_per_year_short": 0.0,
    "hard_stop_restarts_short": 0,
    "hard_stop_time_in_orange_pct": 0.0,
    "hard_stop_time_in_red_pct": 0.0,
    "hard_stop_time_in_yellow_pct": 0.0,
    "hard_stop_trigger_drawdown_mean": 0.0,
    "hard_stop_triggers": 0,
    "hard_stop_triggers_long": 0,
    "hard_stop_triggers_per_year": 0.0,
    "hard_stop_triggers_short": 0,
    "high_exposure_days_max_long": 78.56180555555555,
    "high_exposure_days_max_short": 0.0,
    "high_exposure_days_mean_long": 3.5825940860215053,
    "high_exposure_days_mean_short": 0.0,
    "high_exposure_hours_max_long": 1885.4833333333333,
    "high_exposure_hours_max_short": 0.0,
    "high_exposure_hours_mean_long": 85.98225806451613,
    "high_exposure_hours_mean_short": 0.0,
    "liquidated": false,
    "long_short_profit_ratio": 1.0,
    "loss_profit_ratio": 0.03291625332344374,
    "loss_profit_ratio_long": 0.03291625332344374,
    "loss_profit_ratio_short": 1.0,
    "loss_profit_ratio_w": 0.023894700013366986,
    "mdg_btc": 0.0,
    "mdg_per_exposure_long_btc": 0.0,
    "mdg_per_exposure_long_usd": 0.00028910222202431697,
    "mdg_per_exposure_short_btc": 0.0,
    "mdg_per_exposure_short_usd": 0.0,
    "mdg_pnl": 0.00452022144962856,
    "mdg_pnl_w": 0.002431328139889311,
    "mdg_strategy_eq": 0.000578204444048634,
    "mdg_strategy_eq_w": 5.581839445577938e-05,
    "mdg_usd": 0.0005782044440486339,
    "mdg_w_btc": 0.0,
    "mdg_w_per_exposure_long_btc": 0.0,
    "mdg_w_per_exposure_long_usd": 3.498993916899254e-05,
    "mdg_w_per_exposure_short_btc": 0.0,
    "mdg_w_per_exposure_short_usd": 0.0,
    "mdg_w_usd": 6.997987833798508e-05,
    "omega_ratio_btc": 1.2927052803930654,
    "omega_ratio_strategy_eq": 1.2284261256534699,
    "omega_ratio_strategy_eq_w": 1.5725306384486981,
    "omega_ratio_usd": 1.2284261256534699,
    "omega_ratio_w_btc": 0.5809954827428802,
    "omega_ratio_w_usd": 0.4969503729010224,
    "paper_loss_mean_ratio_btc": 0.01756668230487791,
    "paper_loss_mean_ratio_usd": 0.04821726758724433,
    "paper_loss_mean_ratio_w_btc": 0.01513194198419349,
    "paper_loss_mean_ratio_w_usd": 0.008406736008617308,
    "paper_loss_ratio_btc": 0.005714324661233858,
    "paper_loss_ratio_usd": 0.011546300701985953,
    "paper_loss_ratio_w_btc": 0.004058071217042718,
    "paper_loss_ratio_w_usd": 0.00243967111145871,
    "peak_recovery_days_equity_btc": 336.46875,
    "peak_recovery_days_equity_usd": 78.41458333333334,
    "peak_recovery_days_pnl": 133.00416666666666,
    "peak_recovery_days_strategy_eq": 100.59305555555555,
    "peak_recovery_days_strategy_eq_long": 0.0,
    "peak_recovery_days_strategy_eq_short": 0.0,
    "peak_recovery_hours_equity_btc": 8075.25,
    "peak_recovery_hours_equity_usd": 1881.95,
    "peak_recovery_hours_pnl": 3192.1,
    "peak_recovery_hours_strategy_eq": 2414.233333333333,
    "peak_recovery_hours_strategy_eq_long": 0.0,
    "peak_recovery_hours_strategy_eq_short": 0.0,
    "pnl_ratio_long_short": 1.0,
    "position_held_days_max": 98.41388888888889,
    "position_held_days_mean": 6.660405982905982,
    "position_held_days_median": 0.3756944444444445,
    "position_held_hours_max": 2361.9333333333334,
    "position_held_hours_mean": 159.84974358974358,