{
    "adg_btc": 0.002863734691089803,
    "adg_per_exposure_long_btc": 0.0014318673455449016,
    "adg_per_exposure_long_usd": 0.0011453994539837309,
    "adg_per_exposure_short_btc": 0.0,
    "adg_per_exposure_short_usd": 0.0,
    "adg_pnl": 0.010179313430652853,
    "adg_pnl_w": 0.00452078687772974,
    "adg_strategy_eq": 0.0022907989079674618,
    "adg_strategy_eq_w": 0.004078327184002695,
    "adg_usd": 0.0022907989079674618,
    "adg_w_btc": 0.0017549288236836436,
    "adg_w_per_exposure_long_btc": 0.0008774644118418218,
    "adg_w_per_exposure_long_usd": 0.00043670821504961934,
    "adg_w_per_exposure_short_btc": 0.0,
    "adg_w_per_exposure_short_usd": 0.0,
    "adg_w_usd": 0.0008734164300992387,
    "backtest_completion_ratio": 1.0,
    "calmar_ratio_btc": 0.004888075480978417,
    "calmar_ratio_strategy_eq": 0.0044248860106943086,
    "calmar_ratio_strategy_eq_w": 0.009385746031893166,
    "calmar_ratio_usd": 0.00442488601069431,
    "calmar_ratio_w_btc": 0.0035230503521059137,
    "calmar_ratio_w_usd": 0.0016943465868835567,
    "drawdown_worst_btc": 0.5858613890546114,
    "drawdown_worst_ema_strategy_eq": 0.0,
    "drawdown_worst_ema_strategy_eq_long": 0.0,
    "drawdown_worst_ema_strategy_eq_short": 0.0,
    "drawdown_worst_mean_1pct_btc": 0.5769371465496134,
    "drawdown_worst_mean_1pct_ema_strategy_eq": 0.0,
    "drawdown_worst_mean_1pct_ema_strategy_eq_long": 0.0,
    "drawdown_worst_mean_1pct_ema_strategy_eq_short": 0.0,
    "drawdown_worst_mean_1pct_strategy_eq": 0.4629097370081381,
    "drawdown_worst_mean_1pct_strategy_eq_long": 0.0,
    "drawdown_worst_mean_1pct_strategy_eq_short": 0.0,
    "drawdown_worst_mean_1pct_usd": 0.4629097370081379,
    "drawdown_worst_strategy_eq": 0.517708004778187,
    "drawdown_worst_strategy_eq_long": 0.0,
    "drawdown_worst_strategy_eq_short": 0.0,
    "drawdown_worst_usd": 0.5177080047781868,
    "entry_initial_balance_pct_long": 0.19638358290000002,
    "entry_initial_balance_pct_short": 0.0,
    "entry_interval_hours_max": 0.0,
    "entry_interval_hours_mean": 0.0,
    "entry_interval_hours_median": 0.0,
    "entry_interval_hours_p95": 0.0,
    "entry_interval_hours_p99": 0.0,
    "equity_balance_diff_neg_max_btc": 0.17129482858290798,
    "equity_balance_diff_neg_max_usd": 0.08584259988087278,
    "equity_balance_diff_neg_mean_btc": 0.06415149555672488,
    "equity_balance_diff_neg_mean_usd": 0.04006217015462664,
    "equity_balance_diff_pos_max_btc": 2.6675746076025106,
    "equity_balance_diff_pos_max_usd": 1.9017733082177668,
    "equity_balance_diff_pos_mean_btc": 0.970975337339549,
    "equity_balance_diff_pos_mean_usd": 0.6259643043286293,
    "equity_choppiness_btc": 7.1875211691322205,
    "equity_choppiness_usd": 8.876571322741711,
    "equity_choppiness_w_btc": 2.550424617533278,
    "equity_choppiness_w_usd": 4.397180512140535,
    "equity_jerkiness_btc": 0.036157565702415066,
    "equity_jerkiness_usd": 0.03032750056383424,
    "equity_jerkiness_w_btc": 0.017493196226869658,
    "equity_jerkiness_w_usd": 0.015322352457752842,
    "expected_shortfall_1pct_btc": 0.16582545632008472,
    "expected_shortfall_1pct_strategy_eq": 0.1641997490408903,
    "expected_shortfall_1pct_usd": 0.16419974904089027,
    "exponential_fit_error_btc": 0.0315073584262937,
    "exponential_fit_error_usd": 0.014931452404098532,
    "exponential_fit_error_w_btc": 0.008442777850807427,
    "exponential_fit_error_w_usd": 0.007541680345191329,
    "exposure_mean_ratio_btc": 0.0014335943039249428,
    "exposure_mean_ratio_usd": 0.0011467809068059537,
    "exposure_mean_ratio_w_btc": 0.0008779057268860682,
    "exposure_mean_ratio_w_usd": 0.00043696875798074683,
    "exposure_ratio_btc": 0.0014308501573649193,
    "exposure_ratio_usd": 0.0011445857705167704,
    "exposure_ratio_w_btc": 0.0008772827416736812,
    "exposure_ratio_w_usd": 0.0004365885795332613,
    "gain_btc": 3.489168865316798,
    "gain_per_exposure_long_btc": 1.744584432658399,
    "gain_per_exposure_long_usd": 1.3590515338628466,
    "gain_per_exposure_short_btc": 0.0,
    "gain_per_exposure_short_usd": 0.0,
    "gain_strategy_eq": 2.718103067725693,
    "gain_usd": 2.718103067725693,
    "hard_stop_duration_minutes_max": 0.0,
    "hard_stop_duration_minutes_mean": 0.0,
    "hard_stop_flatten_time_minutes_mean": 0.0,
    "hard_stop_halt_to_restart_equity_loss_pct": 0.0,
    "hard_stop_panic_close_loss_max": 0.0,
    "hard_stop_panic_close_loss_sum": 0.0,
    "hard_stop_post_restart_retrigger_pct": 0.0,
    "hard_stop_restarts": 0,
    "hard_stop_restarts_long": 0,
    "hard_stop_restarts_per_year": 0.0,
    "hard_stop_restarts_per_year_long": 0.0,
    "hard_stop_restarts_per_year_short": 0.0,
    "hard_stop_restarts_short": 0,
    "hard_stop_time_in_orange_pct": 0.0,
    "hard_stop_time_in_red_pct": 0.0,
    "hard_stop_time_in_yellow_pct": 0.0,
    "hard_stop_trigger_drawdown_mean": 0.0,
    "hard_stop_triggers": 0,
    "hard_stop_triggers_long": 0,
    "hard_stop_triggers_per_year": 0.0,
    "hard_stop_triggers_short": 0,
    "high_exposure_days_max_long": 335.8152777777778,
    "high_exposure_days_max_short": 0.0,
    "high_exposure_days_mean_long": 335.8152777777778,
    "high_exposure_days_mean_short": 0.0,
    "high_exposure_hours_max_long": 8059.566666666667,
    "high_exposure_hours_max_short": 0.0,
    "high_exposure_hours_mean_long": 8059.566666666667,
    "high_exposure_hours_mean_short": 0.0,
    "liquidated": false,
    "long_short_profit_ratio": 1.0,
    "loss_profit_ratio": 0.011567349252735542,
    "loss_profit_ratio_long": 0.011567349252735542,
    "loss_profit_ratio_short": 1.0,
    "loss_profit_ratio_w": 0.018572217208493565,
    "mdg_btc": 0.0001601440712717957,
    "mdg_per_exposure_long_btc": 8.007203563589785e-05,
    "mdg_per_exposure_long_usd": 0.00016672795571852207,
    "mdg_per_exposure_short_btc": 0.0,
    "mdg_per_exposure_short_usd": 0.0,
    "mdg_pnl": 0.005212150555773199,
    "mdg_pnl_w": 0.002379298436002831,
    "mdg_strategy_eq": 0.00033345591143704424,
    "mdg_strategy_eq_w": 2.0442242199101678e-05,
    "mdg_usd": 0.00033345591143704414,
    "mdg_w_btc": 5.7770075866758125e-05,
    "mdg_w_per_exposure_long_btc": 2.8885037933379062e-05,
    "mdg_w_per_exposure_long_usd": 1.7458818352769062e-05,
    "mdg_w_per_exposure_short_btc": 0.0,
    "mdg_w_per_exposure_short_usd": 0.0,
    "mdg_w_usd": 3.4917636705538124e-05,
    "omega_ratio_btc": 1.3851044696025847,
    "omega_ratio_strategy_eq": 1.3438291788355252,
    "omega_ratio_strategy_eq_w": 1.6511273807799767,
    "omega_ratio_usd": 1.3438291788355248,
    "omega_ratio_w_btc": 0.6045935546320725,
    "omega_ratio_w_usd": 0.5227521781729922,
    "paper_loss_mean_ratio_btc": 0.044640185957279734,
    "paper_loss_mean_ratio_usd": 0.057181098755402934,
    "paper_loss_mean_ratio_w_btc": 0.023661426677825104,
    "paper_loss_mean_ratio_w_usd": 0.01371261637984093,
    "paper_loss_ratio_btc": 0.01671816198294471,
    "paper_loss_ratio_usd": 0.026686038297377937,
    "paper_loss_ratio_w_btc": 0.00989317774151964,
    "paper_loss_ratio_w_usd": 0.004899526054333717,
    "peak_recovery_days_equity_btc": 297.2631944444444,
    "peak_recovery_days_equity_usd": 132.8125,
    "peak_recovery_days_pnl": 100.54097222222221,
    "peak_recovery_days_strategy_eq": 132.8125,
    "peak_recovery_days_strategy_eq_long": 0.0,
    "peak_recovery_days_strategy_eq_short": 0.0,
    "peak_recovery_hours_equity_btc": 7134.316666666667,
    "peak_recovery_hours_equity_usd": 3187.5,
    "peak_recovery_hours_pnl": 2412.983333333333,
    "peak_recovery_hours_strategy_eq": 3187.5,
    "peak_recovery_hours_strategy_eq_long": 0.0,
    "peak_recovery_hours_strategy_eq_short": 0.0,
    "pnl_ratio_long_short": 1.0,
    "position_held_days_max": 436.29375,
    "position_held_days_mean": 436.29375,
    "position_held_days_median": 436.29375,
    "position_held_hours_max": 10471.05,
    "position_held_hours_mean": 10471.05,
    "position_held_hours_median": 10471.05,