{
    "adg_btc": 0.0023121273320636515,
    "adg_per_exposure_long_btc": 0.0011560636660318258,
    "adg_per_exposure_long_usd": 8.843061554009157e-05,
    "adg_per_exposure_short_btc": 0.0011560636660318258,
    "adg_per_exposure_short_usd": 8.843061554009157e-05,
    "adg_pnl": 0.0008272888481003483,
    "adg_pnl_w": 0.009451954058632481,
    "adg_strategy_eq": 0.00017686123108018315,
    "adg_strategy_eq_w": 0.0005414449538136745,
    "adg_usd": 0.00017686123108018315,
    "adg_w_btc": 0.0042192990737836,
    "adg_w_per_exposure_long_btc": 0.0021096495368918,
    "adg_w_per_exposure_long_usd": 0.0002707224769068595,
    "adg_w_per_exposure_short_btc": 0.0021096495368918,
    "adg_w_per_exposure_short_usd": 0.0002707224769068595,
    "adg_w_usd": 0.000541444953813719,
    "backtest_completion_ratio": 1.0,
    "calmar_ratio_btc": 0.012289713798964135,
    "calmar_ratio_strategy_eq": 0.0011408791509717167,
    "calmar_ratio_strategy_eq_w": 0.007911922942323953,
    "calmar_ratio_usd": 0.0011408791509717167,
    "calmar_ratio_w_btc": 0.4359620485526854,
    "calmar_ratio_w_usd": 0.058054415542965775,
    "drawdown_worst_btc": 0.18813516489363113,
    "drawdown_worst_ema_strategy_eq": 0.11609676348164039,
    "drawdown_worst_ema_strategy_eq_long": 0.07134479167263674,
    "drawdown_worst_ema_strategy_eq_short": 0.11609676348164039,
    "drawdown_worst_mean_1pct_btc": 0.18813516489363113,
    "drawdown_worst_mean_1pct_ema_strategy_eq": 0.10172614520000837,
    "drawdown_worst_mean_1pct_ema_strategy_eq_long": 0.0665006062864678,
    "drawdown_worst_mean_1pct_ema_strategy_eq_short": 0.10172614520000837,
    "drawdown_worst_mean_1pct_strategy_eq": 0.15502188021364557,
    "drawdown_worst_mean_1pct_strategy_eq_long": 0.15502188021364557,
    "drawdown_worst_mean_1pct_strategy_eq_short": 0.15502188021364557,
    "drawdown_worst_mean_1pct_usd": 0.15502188021364557,
    "drawdown_worst_strategy_eq": 0.15502188021364557,
    "drawdown_worst_strategy_eq_long": 0.15502188021364557,
    "drawdown_worst_strategy_eq_short": 0.15502188021364557,
    "drawdown_worst_usd": 0.15502188021364557,
    "entry_initial_balance_pct_long": 0.5354604,
    "entry_initial_balance_pct_short": 0.1636129,
    "entry_interval_hours_max": 1554.7666666666667,
    "entry_interval_hours_mean": 114.89349593495935,
    "entry_interval_hours_median": 25.166666666666668,
    "entry_interval_hours_p95": 511.43333333333334,
    "entry_interval_hours_p99": 1154.3333333333348,
    "equity_balance_diff_neg_max_btc": 0.16139031920950833,
    "equity_balance_diff_neg_max_usd": 0.11847094968052091,
    "equity_balance_diff_neg_mean_btc": 0.040828374324657704,
    "equity_balance_diff_neg_mean_usd": 0.0472967335719129,
    "equity_balance_diff_pos_max_btc": 0.3753645055356891,
    "equity_balance_diff_pos_max_usd": 0.11904306670994333,
    "equity_balance_diff_pos_mean_btc": 0.11869057125258353,
    "equity_balance_diff_pos_mean_usd": 0.03150060914150513,
    "equity_choppiness_btc": 4.552212130233859,
    "equity_choppiness_usd": 23.992506247184767,
    "equity_choppiness_w_btc": 1.746662137503646,
    "equity_choppiness_w_usd": 5.085551132633236,
    "equity_jerkiness_btc": 0.017597256997090364,
    "equity_jerkiness_usd": 0.008176413037149317,
    "equity_jerkiness_w_btc": 0.010596301676118285,
    "equity_jerkiness_w_usd": 0.002296107807354468,
    "expected_shortfall_1pct_btc": 0.10817398148916414,
    "expected_shortfall_1pct_strategy_eq": 0.09372539999270749,
    "expected_shortfall_1pct_usd": 0.09372539999270725,
    "exponential_fit_error_btc": 0.007164517038766156,
    "exponential_fit_error_usd": 0.0007403178773974854,
    "exponential_fit_error_w_btc": 0.0017037719196297812,
    "exponential_fit_error_w_usd": 0.00012837900837690073,
    "exposure_mean_ratio_btc": 0.00819397019187091,
    "exposure_mean_ratio_usd": 0.0006267802103594172,
    "exposure_mean_ratio_w_btc": 0.4328754412511072,
    "exposure_mean_ratio_w_usd": 0.05772773793943624,
    "exposure_ratio_btc": 0.0011559232089704628,
    "exposure_ratio_usd": 8.841987157783566e-05,
    "exposure_ratio_w_btc": 0.0021113665453683108,
    "exposure_ratio_w_usd": 0.0002709489860035983,
    "gain_btc": 1.494580813611543,
    "gain_per_exposure_long_btc": 0.7472904068057715,
    "gain_per_exposure_long_usd": 0.5156247290448915,
    "gain_per_exposure_short_btc": 0.7472904068057715,
    "gain_per_exposure_short_usd": 0.5156247290448915,
    "gain_strategy_eq": 1.0312494580897822,
    "gain_usd": 1.031249458089783,
    "hard_stop_duration_minutes_max": 240.0,
    "hard_stop_duration_minutes_mean": 240.0,
    "hard_stop_flatten_time_minutes_mean": 1.7142857142857142,
    "hard_stop_halt_to_restart_equity_loss_pct": 0.0,
    "hard_stop_panic_close_loss_max": 95.9147055700002,
    "hard_stop_panic_close_loss_sum": 336.83603583307274,
    "hard_stop_post_restart_retrigger_pct": 0.0,
    "hard_stop_restarts": 7,
    "hard_stop_restarts_long": 5,
    "hard_stop_restarts_per_year": 14.69408280717439,
    "hard_stop_restarts_per_year_long": 10.495773433695991,
    "hard_stop_restarts_per_year_short": 4.198309373478397,
    "hard_stop_restarts_short": 2,
    "hard_stop_time_in_orange_pct": 0.018131458059778335,
    "hard_stop_time_in_red_pct": 0.006780838046128856,
    "hard_stop_time_in_yellow_pct": 0.05992999652776392,
    "hard_stop_trigger_drawdown_mean": 0.1002435963655484,
    "hard_stop_triggers": 7,
    "hard_stop_triggers_long": 5,
    "hard_stop_triggers_per_year": 14.69408280717439,
    "hard_stop_triggers_short": 2,
    "high_exposure_days_max_long": 10.343055555555555,
    "high_exposure_days_max_short": 0.6583333333333333,
    "high_exposure_days_mean_long": 1.1042874396135265,
    "high_exposure_days_mean_short": 0.1392013888888889,
    "high_exposure_hours_max_long": 248.23333333333332,
    "high_exposure_hours_max_short": 15.8,
    "high_exposure_hours_mean_long": 26.502898550724638,
    "high_exposure_hours_mean_short": 3.3408333333333333,
    "liquidated": false,
    "long_short_profit_ratio": 0.0316375403727727,
    "loss_profit_ratio": 0.8306968393542525,
    "loss_profit_ratio_long": 0.9925262476247944,
    "loss_profit_ratio_short": 0.4213241454810235,
    "loss_profit_ratio_w": 0.14934968887179392,
    "mdg_btc": 0.0,
    "mdg_per_exposure_long_btc": 0.0,
    "mdg_per_exposure_long_usd": 0.0,
    "mdg_per_exposure_short_btc": 0.0,
    "mdg_per_exposure_short_usd": 0.0,
    "mdg_pnl": 0.0020638098512732114,
    "mdg_pnl_w": 0.009622270610352054,
    "mdg_strategy_eq": 0.0,
    "mdg_strategy_eq_w": 0.0,
    "mdg_usd": 0.0,
    "mdg_w_btc": 0.0,
    "mdg_w_per_exposure_long_btc": 0.0,
    "mdg_w_per_exposure_long_usd": 0.0,
    "mdg_w_per_exposure_short_btc": 0.0,
    "mdg_w_per_exposure_short_usd": 0.0,
    "mdg_w_usd": 0.0,
    "omega_ratio_btc": 1.6927334644941354,
    "omega_ratio_strategy_eq": 1.1214957177210862,
    "omega_ratio_strategy_eq_w": 800.2273636862594,
    "omega_ratio_usd": 1.1214957177210876,
    "omega_ratio_w_btc": 800.3275161896689,
    "omega_ratio_w_usd": 800.2273636862594,
    "paper_loss_mean_ratio_btc": 0.056630403985183306,
    "paper_loss_mean_ratio_usd": 0.0037393963118250505,
    "paper_loss_mean_ratio_w_btc": 0.058065275092216775,
    "paper_loss_mean_ratio_w_usd": 0.3180596087452731,
    "paper_loss_ratio_btc": 0.014326307447611965,
    "paper_loss_ratio_usd": 0.0014928658169544734,
    "paper_loss_ratio_w_btc": 0.03869170871372436,
    "paper_loss_ratio_w_usd": 0.09913576860046902,
    "peak_recovery_days_equity_btc": 100.47222222222223,
    "peak_recovery_days_equity_usd": 32.052083333333336,
    "peak_recovery_days_pnl": 102.98333333333333,
    "peak_recovery_days_strategy_eq": 95.34305555555555,
    "peak_recovery_days_strategy_eq_long": 95.0111111111111,
    "peak_recovery_days_strategy_eq_short": 95.17708333333333,
    "peak_recovery_hours_equity_btc": 2411.3333333333335,
    "peak_recovery_hours_equity_usd": 769.25,
    "peak_recovery_hours_pnl": 2471.6,