{
    "adg_btc": 0.004773060686974029,
    "adg_per_exposure_long_btc": 0.0031820404579826858,
    "adg_per_exposure_long_usd": 0.002388278594222193,
    "adg_per_exposure_short_btc": 0.0,
    "adg_per_exposure_short_usd": 0.0,
    "adg_pnl": 0.0038363161259335073,
    "adg_pnl_w": 0.0019140803065443037,
    "adg_strategy_pnl_rebased": 0.0035824178913332894,
    "adg_strategy_pnl_rebased_w": 0.0016603666838367558,
    "adg_usd": 0.0035824178913332894,
    "adg_w_btc": 0.0014970637817777522,
    "adg_w_per_exposure_long_btc": 0.0009980425211851681,
    "adg_w_per_exposure_long_usd": 0.0011069111225578373,
    "adg_w_per_exposure_short_btc": 0.0,
    "adg_w_per_exposure_short_usd": 0.0,
    "adg_w_usd": 0.0016603666838367558,
    "calmar_ratio_btc": 0.00696347665073371,
    "calmar_ratio_strategy_pnl_rebased": 0.0055680290941708425,
    "calmar_ratio_strategy_pnl_rebased_w": 0.009010062267035487,
    "calmar_ratio_usd": 0.0055680290941708425,
    "calmar_ratio_w_btc": 0.006190110720412991,
    "calmar_ratio_w_usd": 0.009010062267035482,
    "drawdown_worst_btc": 0.685442190212717,
    "drawdown_worst_ema_hsl": 0.0,
    "drawdown_worst_ema_hsl_long": 0.0,
    "drawdown_worst_ema_hsl_short": 0.0,
    "drawdown_worst_hsl": 0.6433906559654501,
    "drawdown_worst_hsl_long": 0.0,
    "drawdown_worst_hsl_short": 0.0,
    "drawdown_worst_mean_1pct_btc": 0.41986029541484127,
    "drawdown_worst_mean_1pct_ema_hsl": 0.0,
    "drawdown_worst_mean_1pct_ema_hsl_long": 0.0,
    "drawdown_worst_mean_1pct_ema_hsl_short": 0.0,
    "drawdown_worst_mean_1pct_hsl": 0.10996243337253625,
    "drawdown_worst_mean_1pct_hsl_long": 0.0,
    "drawdown_worst_mean_1pct_hsl_short": 0.0,
    "drawdown_worst_mean_1pct_usd": 0.3929920428971803,
    "drawdown_worst_usd": 0.6433906559654501,
    "entry_initial_balance_pct_long": 0.0361155,
    "entry_initial_balance_pct_short": 0.0,
    "equity_balance_diff_neg_max_btc": 0.6542057327285663,
    "equity_balance_diff_neg_max_usd": 0.6107973799895964,
    "equity_balance_diff_neg_mean_btc": 0.031078567336108892,
    "equity_balance_diff_neg_mean_usd": 0.017924281498410737,
    "equity_balance_diff_pos_max_btc": 0.6838975594211234,
    "equity_balance_diff_pos_max_usd": 0.22585648477280307,
    "equity_balance_diff_pos_mean_btc": 0.18650922085398375,
    "equity_balance_diff_pos_mean_usd": 0.09370640486563316,
    "equity_choppiness_btc": 4.5042065066403865,
    "equity_choppiness_usd": 2.5182666982814954,
    "equity_choppiness_w_btc": 38.46808878813765,
    "equity_choppiness_w_usd": 9.846452489293686,
    "equity_jerkiness_btc": 0.029998207570580363,
    "equity_jerkiness_usd": 0.013669836666059107,
    "equity_jerkiness_w_btc": 0.03498293176007826,
    "equity_jerkiness_w_usd": 0.01364589567965101,
    "expected_shortfall_1pct_btc": 0.37949241519889515,
    "expected_shortfall_1pct_strategy_pnl_rebased": 0.36922368841281356,
    "expected_shortfall_1pct_usd": 0.3692236884128128,
    "exponential_fit_error_btc": 0.012673067452049687,
    "exponential_fit_error_usd": 0.002188444811167473,
    "exponential_fit_error_w_btc": 0.004789755584866848,
    "exponential_fit_error_w_usd": 0.0009338888840695574,
    "exposure_mean_ratio_btc": 0.023841651955574895,
    "exposure_mean_ratio_usd": 0.017894337852792014,
    "exposure_mean_ratio_w_btc": 0.007327224331632019,
    "exposure_mean_ratio_w_usd": 0.007428967317427438,
    "exposure_ratio_btc": 0.0031812363092509587,
    "exposure_ratio_usd": 0.002387675040864555,
    "exposure_ratio_w_btc": 0.0009978215509469381,
    "exposure_ratio_w_usd": 0.0011066900014737205,
    "gain_btc": 4.093764253237947,
    "gain_per_exposure_long_btc": 2.729176168825298,
    "gain_per_exposure_long_usd": 1.9213647130376819,
    "gain_per_exposure_short_btc": 0.0,
    "gain_per_exposure_short_usd": 0.0,
    "gain_strategy_pnl_rebased": 2.8820470695565206,
    "gain_usd": 2.882047069556523,
    "hard_stop_duration_minutes_max": 0.0,
    "hard_stop_duration_minutes_mean": 0.0,
    "hard_stop_flatten_time_minutes_mean": 0.0,
    "hard_stop_halt_to_restart_equity_loss_pct": 0.0,
    "hard_stop_panic_close_loss_max": 0.0,
    "hard_stop_panic_close_loss_sum": 0.0,
    "hard_stop_post_restart_retrigger_pct": 0.0,
    "hard_stop_restarts": 0,
    "hard_stop_restarts_long": 0,
    "hard_stop_restarts_per_year": 0.0,
    "hard_stop_restarts_per_year_long": 0.0,
    "hard_stop_restarts_per_year_short": 0.0,
    "hard_stop_restarts_short": 0,
    "hard_stop_time_in_orange_pct": 0.0,
    "hard_stop_time_in_red_pct": 0.0,
    "hard_stop_time_in_yellow_pct": 0.0,
    "hard_stop_trigger_drawdown_mean": 0.0,
    "hard_stop_triggers": 0,
    "hard_stop_triggers_long": 0,
    "hard_stop_triggers_per_year": 0.0,
    "hard_stop_triggers_short": 0,
    "high_exposure_hours_max_long": 140.18333333333334,
    "high_exposure_hours_max_short": 0.0,
    "high_exposure_hours_mean_long": 7.90872641509434,
    "high_exposure_hours_mean_short": 0.0,
    "liquidated": false,
    "long_short_profit_ratio": 1.0,
    "loss_profit_ratio": 0.05612752260807804,
    "loss_profit_ratio_long": 0.05612752260807804,
    "loss_profit_ratio_short": 1.0,
    "loss_profit_ratio_w": 0.36168875110001125,
    "mdg_btc": 0.0002921993667582701,
    "mdg_per_exposure_long_btc": 0.00019479957783884673,
    "mdg_per_exposure_long_usd": 0.002080174385933767,
    "mdg_per_exposure_short_btc": 0.0,
    "mdg_per_exposure_short_usd": 0.0,
    "mdg_pnl": 0.003167207903405458,
    "mdg_pnl_w": 0.0020071159939680765,
    "mdg_strategy_pnl_rebased": 0.0031202615789006558,
    "mdg_strategy_pnl_rebased_w": 0.001591503778190442,
    "mdg_usd": 0.00312026157890065,
    "mdg_w_btc": -0.001732993996147825,
    "mdg_w_per_exposure_long_btc": -0.0011553293307652167,
    "mdg_w_per_exposure_long_usd": 0.0010610025187936245,
    "mdg_w_per_exposure_short_btc": 0.0,
    "mdg_w_per_exposure_short_usd": 0.0,
    "mdg_w_usd": 0.0015915037781904368,
    "omega_ratio_btc": 1.7173207292078798,
    "omega_ratio_strategy_pnl_rebased": 2.429795206520219,
    "omega_ratio_strategy_pnl_rebased_w": 1.6773295151408134,
    "omega_ratio_usd": 2.4297952065202226,
    "omega_ratio_w_btc": 1.243552058672608,
    "omega_ratio_w_usd": 1.6773295151408143,
    "paper_loss_mean_ratio_btc": 0.1535804606227266,
    "paper_loss_mean_ratio_usd": 0.19986396060845874,
    "paper_loss_mean_ratio_w_btc": 0.16359676405088014,
    "paper_loss_mean_ratio_w_usd": 0.151478093168867,
    "paper_loss_ratio_btc": 0.007295962796086348,
    "paper_loss_ratio_usd": 0.0058651494074750425,
    "paper_loss_ratio_w_btc": 0.0330416742560143,
    "paper_loss_ratio_w_usd": 0.021382435114140598,
    "peak_recovery_hours_equity_btc": 780.9166666666666,
    "peak_recovery_hours_equity_usd": 660.8833333333333,
    "peak_recovery_hours_hsl": 660.8666666666667,
    "peak_recovery_hours_hsl_long": 0.0,
    "peak_recovery_hours_hsl_short": 0.0,
    "peak_recovery_hours_pnl": 607.5833333333334,
    "pnl_ratio_long_short": 1.0,
    "position_held_hours_max": 147.9,
    "position_held_hours_mean": 8.73373417721519,
    "position_held_hours_median": 3.091666666666667,
    "position_unchanged_hours_max": 128.1,
    "positions_held_per_day": 2.6707360018781547,
    "positions_held_per_day_w": 0.9783748264288302,
    "sharpe_ratio_btc": 0.03418655949052223,
    "sharpe_ratio_pnl": 0.8611160564212849,
    "sharpe_ratio_pnl_w": 0.35441133228431837,
    "sharpe_ratio_strategy_pnl_rebased": 0.030833055434572574,
    "sharpe_ratio_strategy_pnl_rebased_w": 0.05076204617742123,
    "sharpe_ratio_usd": 0.03083305543457276,
    "sharpe_ratio_w_btc": 0.03287769209754481,
    "sharpe_ratio_w_usd": 0.050762046177421326,
    "sortino_ratio_btc": 0.08204763342850871,
    "sortino_ratio_pnl": 0.5243275794511271,
    "sortino_ratio_pnl_w": 0.18463677512293825,
    "sortino_ratio_strategy_pnl_rebased": 0.05322467185207558,
    "sortino_ratio_strategy_pnl_rebased_w": 0.05300495310850841,
    "sortino_ratio_usd": 0.053224671852075696,