{
    "adg_btc": 0.0027366322037190027,
    "adg_per_exposure_long_btc": 0.0013683161018595014,
    "adg_per_exposure_long_usd": 0.0012822999014219238,
    "adg_per_exposure_short_btc": 0.0,
    "adg_per_exposure_short_usd": 0.0,
    "adg_pnl": 0.00723602948281935,
    "adg_pnl_w": 0.008803857559830052,
    "adg_strategy_eq": 0.0025645998028438477,
    "adg_strategy_eq_w": 0.002161919427883352,
    "adg_usd": 0.0025645998028438477,
    "adg_w_btc": 0.0030570795146233286,
    "adg_w_per_exposure_long_btc": 0.0015285397573116643,
    "adg_w_per_exposure_long_usd": 0.001080959713941676,
    "adg_w_per_exposure_short_btc": 0.0,
    "adg_w_per_exposure_short_usd": 0.0,
    "adg_w_usd": 0.002161919427883352,
    "backtest_completion_ratio": 1.0,
    "calmar_ratio_btc": 0.12186860695789191,
    "calmar_ratio_strategy_eq": 0.11420760340111884,
    "calmar_ratio_strategy_eq_w": 0.1928340450596296,
    "calmar_ratio_usd": 0.11420760340111831,
    "calmar_ratio_w_btc": 0.3135312427820593,
    "calmar_ratio_w_usd": 0.19660786153939575,
    "drawdown_worst_btc": 0.022455596006480692,
    "drawdown_worst_ema_strategy_eq": 0.0,
    "drawdown_worst_ema_strategy_eq_long": 0.0,
    "drawdown_worst_ema_strategy_eq_short": 0.0,
    "drawdown_worst_mean_1pct_btc": 0.022455596006480692,
    "drawdown_worst_mean_1pct_ema_strategy_eq": 0.0,
    "drawdown_worst_mean_1pct_ema_strategy_eq_long": 0.0,
    "drawdown_worst_mean_1pct_ema_strategy_eq_short": 0.0,
    "drawdown_worst_mean_1pct_strategy_eq": 0.02245559600648028,
    "drawdown_worst_mean_1pct_strategy_eq_long": 0.0,
    "drawdown_worst_mean_1pct_strategy_eq_short": 0.0,
    "drawdown_worst_mean_1pct_usd": 0.022455596006480383,
    "drawdown_worst_strategy_eq": 0.02245559600648028,
    "drawdown_worst_strategy_eq_long": 0.0,
    "drawdown_worst_strategy_eq_short": 0.0,
    "drawdown_worst_usd": 0.022455596006480383,
    "entry_initial_balance_pct_long": 0.7429810528,
    "entry_initial_balance_pct_short": 0.0,
    "entry_interval_hours_max": 287.85,
    "entry_interval_hours_mean": 123.39833333333333,
    "entry_interval_hours_median": 122.18333333333334,
    "entry_interval_hours_p95": 273.87749999999994,
    "entry_interval_hours_p99": 285.0555,
    "equity_balance_diff_neg_max_btc": 0.0142062515028198,
    "equity_balance_diff_neg_max_usd": 0.01420625150281956,
    "equity_balance_diff_neg_mean_btc": 0.003519200641713905,
    "equity_balance_diff_neg_mean_usd": 0.003519200641713825,
    "equity_balance_diff_pos_max_btc": 0.044451655358259595,
    "equity_balance_diff_pos_max_usd": 0.03814434730751281,
    "equity_balance_diff_pos_mean_btc": 0.013798614280161797,
    "equity_balance_diff_pos_mean_usd": 0.013102312478687397,
    "equity_choppiness_btc": 1.204780955642895,
    "equity_choppiness_usd": 1.2474237593740323,
    "equity_choppiness_w_btc": 1.0538679941526492,
    "equity_choppiness_w_usd": 1.0757318623415917,
    "equity_jerkiness_btc": 0.006341834700959101,
    "equity_jerkiness_usd": 0.005811571764153025,
    "equity_jerkiness_w_btc": 0.009033141867892329,
    "equity_jerkiness_w_usd": 0.00551378688960916,
    "expected_shortfall_1pct_btc": 0.007664604415636044,
    "expected_shortfall_1pct_strategy_eq": 0.007664604415635837,
    "expected_shortfall_1pct_usd": 0.007664604415635947,
    "exponential_fit_error_btc": 6.053457237007665e-05,
    "exponential_fit_error_usd": 4.096022347828599e-05,
    "exponential_fit_error_w_btc": 7.957439558193604e-05,
    "exponential_fit_error_w_usd": 1.7942061020133457e-05,
    "exposure_mean_ratio_btc": 0.005119245956455601,
    "exposure_mean_ratio_usd": 0.004797435750698805,
    "exposure_mean_ratio_w_btc": 0.01385903252195574,
    "exposure_mean_ratio_w_usd": 0.008159411526310636,
    "exposure_ratio_btc": 0.0013688729566824838,
    "exposure_ratio_usd": 0.001282821750783812,
    "exposure_ratio_w_btc": 0.002287335689818392,
    "exposure_ratio_w_usd": 0.0014790665096041642,
    "gain_btc": 1.1621935309036673,
    "gain_per_exposure_long_btc": 0.5810967654518336,
    "gain_per_exposure_long_usd": 0.5756388825066666,
    "gain_per_exposure_short_btc": 0.0,
    "gain_per_exposure_short_usd": 0.0,
    "gain_strategy_eq": 1.1512777650133332,
    "gain_usd": 1.1512777650133332,
    "hard_stop_duration_minutes_max": 0.0,
    "hard_stop_duration_minutes_mean": 0.0,
    "hard_stop_flatten_time_minutes_mean": 0.0,
    "hard_stop_halt_to_restart_equity_loss_pct": 0.0,
    "hard_stop_panic_close_loss_max": 0.0,
    "hard_stop_panic_close_loss_sum": 0.0,
    "hard_stop_post_restart_retrigger_pct": 0.0,
    "hard_stop_restarts": 0,
    "hard_stop_restarts_long": 0,
    "hard_stop_restarts_per_year": 0.0,
    "hard_stop_restarts_per_year_long": 0.0,
    "hard_stop_restarts_per_year_short": 0.0,
    "hard_stop_restarts_short": 0,
    "hard_stop_time_in_orange_pct": 0.0,
    "hard_stop_time_in_red_pct": 0.0,
    "hard_stop_time_in_yellow_pct": 0.0,
    "hard_stop_trigger_drawdown_mean": 0.0,
    "hard_stop_triggers": 0,
    "hard_stop_triggers_long": 0,
    "hard_stop_triggers_per_year": 0.0,
    "hard_stop_triggers_short": 0,
    "high_exposure_days_max_long": 6.010416666666667,
    "high_exposure_days_max_short": 0.0,
    "high_exposure_days_mean_long": 1.7750000000000001,
    "high_exposure_days_mean_short": 0.0,
    "high_exposure_hours_max_long": 144.25,
    "high_exposure_hours_max_short": 0.0,
    "high_exposure_hours_mean_long": 42.6,
    "high_exposure_hours_mean_short": 0.0,
    "liquidated": false,
    "long_short_profit_ratio": 1.0,
    "loss_profit_ratio": 0.0,
    "loss_profit_ratio_long": 0.0,
    "loss_profit_ratio_short": 1.0,
    "loss_profit_ratio_w": 0.0,
    "mdg_btc": 0.0,
    "mdg_per_exposure_long_btc": 0.0,
    "mdg_per_exposure_long_usd": 0.0,
    "mdg_per_exposure_short_btc": 0.0,
    "mdg_per_exposure_short_usd": 0.0,
    "mdg_pnl": 0.0038626093562620385,
    "mdg_pnl_w": 0.006983377973672274,
    "mdg_strategy_eq": 0.0,
    "mdg_strategy_eq_w": 6.553323873931171e-05,
    "mdg_usd": 0.0,
    "mdg_w_btc": 6.55332387393149e-05,
    "mdg_w_per_exposure_long_btc": 3.276661936965745e-05,
    "mdg_w_per_exposure_long_usd": 3.276661936965585e-05,
    "mdg_w_per_exposure_short_btc": 0.0,
    "mdg_w_per_exposure_short_usd": 0.0,
    "mdg_w_usd": 6.55332387393117e-05,
    "omega_ratio_btc": 10.532825411822978,
    "omega_ratio_strategy_eq": 8.98618742038373,
    "omega_ratio_strategy_eq_w": 604.7837106167773,
    "omega_ratio_usd": 8.986187420383834,
    "omega_ratio_w_btc": 606.7315181468647,
    "omega_ratio_w_usd": 604.7837106167774,
    "paper_loss_mean_ratio_btc": 0.7776289226823454,
    "paper_loss_mean_ratio_usd": 0.7287449804495678,
    "paper_loss_mean_ratio_w_btc": 536757053.115435,
    "paper_loss_mean_ratio_w_usd": 323978998.88650525,
    "paper_loss_ratio_btc": 0.1926357704687833,
    "paper_loss_ratio_usd": 0.18052614388354615,
    "paper_loss_ratio_w_btc": 536757046.56932145,
    "paper_loss_ratio_w_usd": 323978995.31016755,
    "peak_recovery_days_equity_btc": 5.148611111111111,
    "peak_recovery_days_equity_usd": 5.148611111111111,
    "peak_recovery_days_pnl": 10.063888888888888,
    "peak_recovery_days_strategy_eq": 9.408333333333333,
    "peak_recovery_days_strategy_eq_long": 0.0,
    "peak_recovery_days_strategy_eq_short": 0.0,
    "peak_recovery_hours_equity_btc": 123.56666666666666,
    "peak_recovery_hours_equity_usd": 123.56666666666666,
    "peak_recovery_hours_pnl": 241.53333333333333,
    "peak_recovery_hours_strategy_eq": 225.8,
    "peak_recovery_hours_strategy_eq_long": 0.0,
    "peak_recovery_hours_strategy_eq_short": 0.0,
    "pnl_ratio_long_short": 1.0,
    "position_held_days_max": 6.010416666666667,
    "position_held_days_mean": 1.777020202020202,
    "position_held_days_median": 0.9354166666666667,
    "position_held_hours_max": 144.25,
    "position_held_hours_mean": 42.64848484848485,
    "position_held_hours_median": 22.45,
    "position_unchanged_days_max": 3.2395833333333335,
    "position_unchanged_hours_max": 77.75,