{
    "adg_btc": 0.009564237194534142,
    "adg_per_exposure_long_btc": 0.006376158129689428,
    "adg_per_exposure_long_usd": 0.0053596915954787034,
    "adg_per_exposure_short_btc": 0.0,
    "adg_per_exposure_short_usd": 0.0,
    "adg_pnl": 0.01545134468973406,
    "adg_pnl_w": 0.012445494939855212,
    "adg_strategy_pnl_rebased": 0.008039537393218055,
    "adg_strategy_pnl_rebased_w": 0.0054103271854869074,
    "adg_usd": 0.008039537393218055,
    "adg_w_btc": 0.006326077852874912,
    "adg_w_per_exposure_long_btc": 0.004217385235249941,
    "adg_w_per_exposure_long_usd": 0.003606884790324605,
    "adg_w_per_exposure_short_btc": 0.0,
    "adg_w_per_exposure_short_usd": 0.0,
    "adg_w_usd": 0.0054103271854869074,
    "calmar_ratio_btc": 0.022667758925766297,
    "calmar_ratio_strategy_pnl_rebased": 0.01629946477080472,
    "calmar_ratio_strategy_pnl_rebased_w": 0.05284534638796753,
    "calmar_ratio_usd": 0.01629946477080472,
    "calmar_ratio_w_btc": 0.04451441332878226,
    "calmar_ratio_w_usd": 0.05284534638796751,
    "drawdown_worst_btc": 0.42193130895099357,
    "drawdown_worst_ema_hsl": 0.0,
    "drawdown_worst_ema_hsl_long": 0.0,
    "drawdown_worst_ema_hsl_short": 0.0,
    "drawdown_worst_hsl": 0.49323934903790934,
    "drawdown_worst_hsl_long": 0.0,
    "drawdown_worst_hsl_short": 0.0,
    "drawdown_worst_mean_1pct_btc": 0.3277258182137937,
    "drawdown_worst_mean_1pct_ema_hsl": 0.0,
    "drawdown_worst_mean_1pct_ema_hsl_long": 0.0,
    "drawdown_worst_mean_1pct_ema_hsl_short": 0.0,
    "drawdown_worst_mean_1pct_hsl": 0.18572392211227398,
    "drawdown_worst_mean_1pct_hsl_long": 0.0,
    "drawdown_worst_mean_1pct_hsl_short": 0.0,
    "drawdown_worst_mean_1pct_usd": 0.3520278725664575,
    "drawdown_worst_usd": 0.49323934903790934,
    "entry_initial_balance_pct_long": 0.5366566536,
    "entry_initial_balance_pct_short": 0.0,
    "equity_balance_diff_neg_max_btc": 0.31996749485912673,
    "equity_balance_diff_neg_max_usd": 0.3935399603727236,
    "equity_balance_diff_neg_mean_btc": 0.06547835720028028,
    "equity_balance_diff_neg_mean_usd": 0.058659777134200494,
    "equity_balance_diff_pos_max_btc": 1.1987823188915865,
    "equity_balance_diff_pos_max_usd": 0.7337388125433423,
    "equity_balance_diff_pos_mean_btc": 0.2955940049935976,
    "equity_balance_diff_pos_mean_usd": 0.22208007154508488,
    "equity_choppiness_btc": 2.706900436288051,
    "equity_choppiness_usd": 2.6126290384225648,
    "equity_choppiness_w_btc": 2.8538227508360134,
    "equity_choppiness_w_usd": 2.2977914816472995,
    "equity_jerkiness_btc": 0.04147876562692601,
    "equity_jerkiness_usd": 0.03358156515487921,
    "equity_jerkiness_w_btc": 0.03045268520934804,
    "equity_jerkiness_w_usd": 0.022109566433349565,
    "expected_shortfall_1pct_btc": 0.2714582477221606,
    "expected_shortfall_1pct_strategy_pnl_rebased": 0.3188496110816045,
    "expected_shortfall_1pct_usd": 0.3188496110816045,
    "exponential_fit_error_btc": 0.026628581070505194,
    "exponential_fit_error_usd": 0.010016568646543102,
    "exponential_fit_error_w_btc": 0.008459706320763868,
    "exponential_fit_error_w_usd": 0.002708505587658526,
    "exposure_mean_ratio_btc": 0.021630969871071135,
    "exposure_mean_ratio_usd": 0.018182630521693166,
    "exposure_mean_ratio_w_btc": 0.01914136754000812,
    "exposure_mean_ratio_w_usd": 0.01667963150791011,
    "exposure_ratio_btc": 0.0063749326457029284,
    "exposure_ratio_usd": 0.00535866147419105,
    "exposure_ratio_w_btc": 0.00421658816287853,
    "exposure_ratio_w_usd": 0.00360620355255995,
    "gain_btc": 16.735993029314933,
    "gain_per_exposure_long_btc": 11.157328686209956,
    "gain_per_exposure_long_usd": 7.132936972797347,
    "gain_per_exposure_short_btc": 0.0,
    "gain_per_exposure_short_usd": 0.0,
    "gain_strategy_pnl_rebased": 10.699405459196026,
    "gain_usd": 10.69940545919602,
    "hard_stop_duration_minutes_max": 0.0,
    "hard_stop_duration_minutes_mean": 0.0,
    "hard_stop_flatten_time_minutes_mean": 0.0,
    "hard_stop_halt_to_restart_equity_loss_pct": 0.0,
    "hard_stop_panic_close_loss_max": 0.0,
    "hard_stop_panic_close_loss_sum": 0.0,
    "hard_stop_post_restart_retrigger_pct": 0.0,
    "hard_stop_restarts": 0,
    "hard_stop_restarts_long": 0,
    "hard_stop_restarts_per_year": 0.0,
    "hard_stop_restarts_per_year_long": 0.0,
    "hard_stop_restarts_per_year_short": 0.0,
    "hard_stop_restarts_short": 0,
    "hard_stop_time_in_orange_pct": 0.0,
    "hard_stop_time_in_red_pct": 0.0,
    "hard_stop_time_in_yellow_pct": 0.0,
    "hard_stop_trigger_drawdown_mean": 0.0,
    "hard_stop_triggers": 0,
    "hard_stop_triggers_long": 0,
    "hard_stop_triggers_per_year": 0.0,
    "hard_stop_triggers_short": 0,
    "high_exposure_hours_max_long": 190.0,
    "high_exposure_hours_max_short": 0.0,
    "high_exposure_hours_mean_long": 11.221955128205128,
    "high_exposure_hours_mean_short": 0.0,
    "liquidated": false,
    "long_short_profit_ratio": 1.0,
    "loss_profit_ratio": 0.0,
    "loss_profit_ratio_long": 0.0,
    "loss_profit_ratio_short": 1.0,
    "loss_profit_ratio_w": 0.0,
    "mdg_btc": 0.003987436903341769,
    "mdg_per_exposure_long_btc": 0.0026582912688945127,
    "mdg_per_exposure_long_usd": 0.0024212782428372714,
    "mdg_per_exposure_short_btc": 0.0,
    "mdg_per_exposure_short_usd": 0.0,
    "mdg_pnl": 0.012677104974785164,
    "mdg_pnl_w": 0.010805259599156538,
    "mdg_strategy_pnl_rebased": 0.0036319173642559064,
    "mdg_strategy_pnl_rebased_w": 0.0026098450924559894,
    "mdg_usd": 0.003631917364255907,
    "mdg_w_btc": 0.0026884355641295546,
    "mdg_w_per_exposure_long_btc": 0.0017922903760863697,
    "mdg_w_per_exposure_long_usd": 0.001739896728303994,
    "mdg_w_per_exposure_short_btc": 0.0,
    "mdg_w_per_exposure_short_usd": 0.0,
    "mdg_w_usd": 0.002609845092455991,
    "omega_ratio_btc": 2.263180803519241,
    "omega_ratio_strategy_pnl_rebased": 2.294462639653609,
    "omega_ratio_strategy_pnl_rebased_w": 2.6321828793889823,
    "omega_ratio_usd": 2.294462639653611,
    "omega_ratio_w_btc": 2.1670754764276863,
    "omega_ratio_w_usd": 2.6321828793889814,
    "paper_loss_mean_ratio_btc": 0.14606715262082356,
    "paper_loss_mean_ratio_usd": 0.1370536641287502,
    "paper_loss_mean_ratio_w_btc": 1.453047749814264,
    "paper_loss_mean_ratio_w_usd": 2.8087396088607637,
    "paper_loss_ratio_btc": 0.029891277546005176,
    "paper_loss_ratio_usd": 0.02042877014472373,
    "paper_loss_ratio_w_btc": 0.455471284271347,
    "paper_loss_ratio_w_usd": 1.5639501128141304,
    "peak_recovery_hours_equity_btc": 327.2,
    "peak_recovery_hours_equity_usd": 200.3,
    "peak_recovery_hours_hsl": 200.28333333333333,
    "peak_recovery_hours_hsl_long": 0.0,
    "peak_recovery_hours_hsl_short": 0.0,
    "peak_recovery_hours_pnl": 279.53333333333336,
    "pnl_ratio_long_short": 1.0,
    "position_held_hours_max": 5194.483333333334,
    "position_held_hours_mean": 1686.5041666666666,
    "position_held_hours_median": 744.4166666666666,
    "position_unchanged_hours_max": 279.51666666666665,
    "positions_held_per_day": 0.013522713933560278,
    "positions_held_per_day_w": 0.027383782238258502,
    "sharpe_ratio_btc": 0.1527513507906244,
    "sharpe_ratio_pnl": 0.889642230415621,
    "sharpe_ratio_pnl_w": 0.9954850214215625,
    "sharpe_ratio_strategy_pnl_rebased": 0.11830988692140096,
    "sharpe_ratio_strategy_pnl_rebased_w": 0.19502089917432655,
    "sharpe_ratio_usd": 0.11830988692140088,
    "sharpe_ratio_w_btc": 0.18114378548193433,
    "sharpe_ratio_w_usd": 0.19502089917432616,
    "sortino_ratio_btc": 0.16915555267318444,
    "sortino_ratio_pnl": 86.26159786887568,
    "sortino_ratio_pnl_w": 84.02830221940852,
    "sortino_ratio_strategy_pnl_rebased": 0.13447431190393125,
    "sortino_ratio_strategy_pnl_rebased_w": 0.2021772082688013,
    "sortino_ratio_usd": 0.13447431190393125,
    "sortino_ratio_w_btc": 0.16253212813410162,
    "sortino_ratio_w_usd": 0.20217720826880092,