{
    "adg_btc": 0.008409575925390156,
    "adg_per_exposure_long_btc": 0.005606383950260104,
    "adg_per_exposure_long_usd": 0.004629331661153498,
    "adg_per_exposure_short_btc": 0.0,
    "adg_per_exposure_short_usd": 0.0,
    "adg_pnl": 0.015454430578230777,
    "adg_pnl_w": 0.015030934544488738,
    "adg_strategy_eq": 0.006943997491730247,
    "adg_strategy_eq_w": 0.0022890123261966933,
    "adg_usd": 0.006943997491730247,
    "adg_w_btc": 0.004590498294041167,
    "adg_w_per_exposure_long_btc": 0.003060332196027445,
    "adg_w_per_exposure_long_usd": 0.0015260082174644622,
    "adg_w_per_exposure_short_btc": 0.0,
    "adg_w_per_exposure_short_usd": 0.0,
    "adg_w_usd": 0.0022890123261966933,
    "backtest_completion_ratio": 1.0,
    "calmar_ratio_btc": 0.019931149329254706,
    "calmar_ratio_strategy_eq": 0.014078352640102416,
    "calmar_ratio_strategy_eq_w": 0.0068587813946113406,
    "calmar_ratio_usd": 0.014078352640102414,
    "calmar_ratio_w_btc": 0.013751017744527647,
    "calmar_ratio_w_usd": 0.006858781394611327,
    "drawdown_worst_btc": 0.42193130895099357,
    "drawdown_worst_ema_strategy_eq": 0.0,
    "drawdown_worst_ema_strategy_eq_long": 0.0,
    "drawdown_worst_ema_strategy_eq_short": 0.0,
    "drawdown_worst_mean_1pct_btc": 0.3459613245083896,
    "drawdown_worst_mean_1pct_ema_strategy_eq": 0.0,
    "drawdown_worst_mean_1pct_ema_strategy_eq_long": 0.0,
    "drawdown_worst_mean_1pct_ema_strategy_eq_short": 0.0,
    "drawdown_worst_mean_1pct_strategy_eq": 0.3503363380692803,
    "drawdown_worst_mean_1pct_strategy_eq_long": 0.0,
    "drawdown_worst_mean_1pct_strategy_eq_short": 0.0,
    "drawdown_worst_mean_1pct_usd": 0.3503363380692807,
    "drawdown_worst_strategy_eq": 0.4932393490379093,
    "drawdown_worst_strategy_eq_long": 0.0,
    "drawdown_worst_strategy_eq_short": 0.0,
    "drawdown_worst_usd": 0.49323934903790934,
    "entry_initial_balance_pct_long": 0.5366566536,
    "entry_initial_balance_pct_short": 0.0,
    "entry_interval_hours_max": 5213.0,
    "entry_interval_hours_mean": 1320.2611111111112,
    "entry_interval_hours_median": 135.49166666666667,
    "entry_interval_hours_p95": 4481.9625,
    "entry_interval_hours_p99": 5066.7925,
    "equity_balance_diff_neg_max_btc": 0.31996749485912673,
    "equity_balance_diff_neg_max_usd": 0.3935399603727236,
    "equity_balance_diff_neg_mean_btc": 0.07334536816784772,
    "equity_balance_diff_neg_mean_usd": 0.05072365012101429,
    "equity_balance_diff_pos_max_btc": 1.1987823188915865,
    "equity_balance_diff_pos_max_usd": 0.7337388125433423,
    "equity_balance_diff_pos_mean_btc": 0.2858544500399144,
    "equity_balance_diff_pos_mean_usd": 0.2036833106752914,
    "equity_choppiness_btc": 3.896122555775933,
    "equity_choppiness_usd": 3.7961101070819034,
    "equity_choppiness_w_btc": 27.892265605068058,
    "equity_choppiness_w_usd": 15.634319633360196,
    "equity_jerkiness_btc": 0.038908164083202676,
    "equity_jerkiness_usd": 0.031056281354806325,
    "equity_jerkiness_w_btc": 0.02621524819310405,
    "equity_jerkiness_w_usd": 0.019336191257092634,
    "expected_shortfall_1pct_btc": 0.240762808330666,
    "expected_shortfall_1pct_strategy_eq": 0.2654931142106561,
    "expected_shortfall_1pct_usd": 0.2654931142106562,
    "exponential_fit_error_btc": 0.04242761896378934,
    "exponential_fit_error_usd": 0.017040822462239924,
    "exponential_fit_error_w_btc": 0.012297801456694882,
    "exponential_fit_error_w_usd": 0.004779597745196167,
    "exposure_mean_ratio_btc": 0.01973605129878741,
    "exposure_mean_ratio_usd": 0.0162965519226323,
    "exposure_mean_ratio_w_btc": 0.013284172347624957,
    "exposure_mean_ratio_w_usd": 0.006271537736681812,
    "exposure_ratio_btc": 0.005605306415228277,
    "exposure_ratio_usd": 0.004628441913486714,
    "exposure_ratio_w_btc": 0.0030597558417891062,
    "exposure_ratio_w_usd": 0.001525719094255309,
    "gain_btc": 18.435820355424852,
    "gain_per_exposure_long_btc": 12.290546903616567,
    "gain_per_exposure_long_usd": 7.408993016847988,
    "gain_per_exposure_short_btc": 0.0,
    "gain_per_exposure_short_usd": 0.0,
    "gain_strategy_eq": 11.113489525272016,
    "gain_usd": 11.113489525271982,
    "hard_stop_duration_minutes_max": 0.0,
    "hard_stop_duration_minutes_mean": 0.0,
    "hard_stop_flatten_time_minutes_mean": 0.0,
    "hard_stop_halt_to_restart_equity_loss_pct": 0.0,
    "hard_stop_panic_close_loss_max": 0.0,
    "hard_stop_panic_close_loss_sum": 0.0,
    "hard_stop_post_restart_retrigger_pct": 0.0,
    "hard_stop_restarts": 0,
    "hard_stop_restarts_long": 0,
    "hard_stop_restarts_per_year": 0.0,
    "hard_stop_restarts_per_year_long": 0.0,
    "hard_stop_restarts_per_year_short": 0.0,
    "hard_stop_restarts_short": 0,
    "hard_stop_time_in_orange_pct": 0.0,
    "hard_stop_time_in_red_pct": 0.0,
    "hard_stop_time_in_yellow_pct": 0.0,
    "hard_stop_trigger_drawdown_mean": 0.0,
    "hard_stop_triggers": 0,
    "hard_stop_triggers_long": 0,
    "hard_stop_triggers_per_year": 0.0,
    "hard_stop_triggers_short": 0,
    "high_exposure_days_max_long": 7.916666666666667,
    "high_exposure_days_max_short": 0.0,
    "high_exposure_days_mean_long": 0.4734979197258933,
    "high_exposure_days_mean_short": 0.0,
    "high_exposure_hours_max_long": 190.0,
    "high_exposure_hours_max_short": 0.0,
    "high_exposure_hours_mean_long": 11.363950073421439,
    "high_exposure_hours_mean_short": 0.0,
    "liquidated": false,
    "long_short_profit_ratio": 1.0,
    "loss_profit_ratio": 0.0,
    "loss_profit_ratio_long": 0.0,
    "loss_profit_ratio_short": 1.0,
    "loss_profit_ratio_w": 0.0,
    "mdg_btc": 0.003238441141887105,
    "mdg_per_exposure_long_btc": 0.0021589607612580697,
    "mdg_per_exposure_long_usd": 0.002011615455007473,
    "mdg_per_exposure_short_btc": 0.0,
    "mdg_per_exposure_short_usd": 0.0,
    "mdg_pnl": 0.012719887393407864,
    "mdg_pnl_w": 0.016616134348590064,
    "mdg_strategy_eq": 0.0030174231825114265,
    "mdg_strategy_eq_w": 0.0017566925405557315,
    "mdg_usd": 0.0030174231825112097,
    "mdg_w_btc": 0.002047934551864273,
    "mdg_w_per_exposure_long_btc": 0.0013652897012428487,
    "mdg_w_per_exposure_long_usd": 0.0011711283603704889,
    "mdg_w_per_exposure_short_btc": 0.0,
    "mdg_w_per_exposure_short_usd": 0.0,
    "mdg_w_usd": 0.0017566925405557334,
    "omega_ratio_btc": 2.0583047518467286,
    "omega_ratio_strategy_eq": 2.0611068224901334,
    "omega_ratio_strategy_eq_w": 1.1901477697419587,
    "omega_ratio_usd": 2.061106822490133,
    "omega_ratio_w_btc": 1.4166436736529444,
    "omega_ratio_w_usd": 1.1901477697419534,
    "paper_loss_mean_ratio_btc": 0.11465721879185613,
    "paper_loss_mean_ratio_usd": 0.1368986158362728,
    "paper_loss_mean_ratio_w_btc": 1.597928401554622,
    "paper_loss_mean_ratio_w_usd": 0.49859301644787707,
    "paper_loss_ratio_btc": 0.026282594515085574,
    "paper_loss_ratio_usd": 0.017644961607338562,
    "paper_loss_ratio_w_btc": 0.5365365027468976,
    "paper_loss_ratio_w_usd": 0.2632313541040184,
    "peak_recovery_days_equity_btc": 36.706250000000004,
    "peak_recovery_days_equity_usd": 8.345833333333333,
    "peak_recovery_days_pnl": 15.049999999999999,
    "peak_recovery_days_strategy_eq": 8.345833333333333,
    "peak_recovery_days_strategy_eq_long": 0.0,
    "peak_recovery_days_strategy_eq_short": 0.0,
    "peak_recovery_hours_equity_btc": 880.95,
    "peak_recovery_hours_equity_usd": 200.3,
    "peak_recovery_hours_pnl": 361.2,
    "peak_recovery_hours_strategy_eq": 200.3,
    "peak_recovery_hours_strategy_eq_long": 0.0,
    "peak_recovery_hours_strategy_eq_short": 0.0,
    "pnl_ratio_long_short": 1.0,
    "position_held_days_max": 216.43680555555557,
    "position_held_days_mean": 49.02718253968254,
    "position_held_days_median": 5.604861111111112,
    "position_held_hours_max": 5194.483333333334,
    "position_held_hours_mean": 1176.652380952381,
    "position_held_hours_median": 134.51666666666668,